pdb_id,target_chain,partner_chain,threshold,positive_count,negative_count,positive_ratio,negative_ratio
2HS1,A,B,0.50,41,58,0.414141,0.585859
2HS1,A,B,1.00,41,58,0.414141,0.585859
2HS1,A,B,2.00,40,59,0.404040,0.595960
2HS1,A,B,5.00,39,60,0.393939,0.606061
5YOK,A,B,0.50,40,59,0.404040,0.595960
5YOK,A,B,1.00,40,59,0.404040,0.595960
5YOK,A,B,2.00,39,60,0.393939,0.606061
5YOK,A,B,5.00,37,62,0.373737,0.626263
6Q00,A,B,0.50,16,60,0.210526,0.789474
6Q00,A,B,1.00,16,60,0.210526,0.789474
6Q00,A,B,2.00,14,62,0.184211,0.815789
6Q00,A,B,5.00,13,63,0.171053,0.828947
6Q01,A,C,0.50,14,62,0.184211,0.815789
6Q01,A,C,1.00,14,62,0.184211,0.815789
6Q01,A,C,2.00,13,63,0.171053,0.828947
6Q01,A,C,5.00,13,63,0.171053,0.828947
1V6P,A,B,0.50,13,49,0.209677,0.790323
1V6P,A,B,1.00,13,49,0.209677,0.790323
1V6P,A,B,2.00,12,50,0.193548,0.806452
1V6P,A,B,5.00,11,51,0.177419,0.822581
3A2O,A,B,0.50,42,57,0.424242,0.575758
3A2O,A,B,1.00,42,57,0.424242,0.575758
3A2O,A,B,2.00,41,58,0.414141,0.585859
3A2O,A,B,5.00,35,64,0.353535,0.646465
3FIL,A,B,0.50,13,42,0.236364,0.763636
3FIL,A,B,1.00,13,42,0.236364,0.763636
3FIL,A,B,2.00,12,43,0.218182,0.781818
3FIL,A,B,5.00,11,44,0.200000,0.800000
9YGW,A,B,0.50,37,158,0.189744,0.810256
9YGW,A,B,1.00,37,158,0.189744,0.810256
9YGW,A,B,2.00,35,160,0.179487,0.820513
9YGW,A,B,5.00,33,162,0.169231,0.830769
4U9H,L,S,0.50,90,443,0.168856,0.831144
4U9H,L,S,1.00,90,443,0.168856,0.831144
4U9H,L,S,2.00,85,448,0.159475,0.840525
4U9H,L,S,5.00,81,452,0.151970,0.848030
9MXN,A,B,0.50,60,166,0.265487,0.734513
9MXN,A,B,1.00,60,166,0.265487,0.734513
9MXN,A,B,2.00,58,168,0.256637,0.743363
9MXN,A,B,5.00,54,172,0.238938,0.761062
1ET1,A,B,0.50,8,26,0.235294,0.764706
1ET1,A,B,1.00,8,26,0.235294,0.764706
1ET1,A,B,2.00,8,26,0.235294,0.764706
1ET1,A,B,5.00,8,26,0.235294,0.764706
1IX9,A,B,0.50,23,182,0.112195,0.887805
1IX9,A,B,1.00,23,182,0.112195,0.887805
1IX9,A,B,2.00,22,183,0.107317,0.892683
1IX9,A,B,5.00,19,186,0.092683,0.907317
1IXB,A,B,0.50,22,183,0.107317,0.892683
1IXB,A,B,1.00,22,183,0.107317,0.892683
1IXB,A,B,2.00,20,185,0.097561,0.902439
1IXB,A,B,5.00,18,187,0.087805,0.912195
4NSV,A,B,0.50,20,244,0.075758,0.924242
4NSV,A,B,1.00,20,244,0.075758,0.924242
4NSV,A,B,2.00,19,245,0.071970,0.928030
4NSV,A,B,5.00,18,246,0.068182,0.931818
3G46,A,B,0.50,26,120,0.178082,0.821918
3G46,A,B,1.00,26,120,0.178082,0.821918
3G46,A,B,2.00,26,120,0.178082,0.821918
3G46,A,B,5.00,24,122,0.164384,0.835616
5BR4,A,B,0.50,25,360,0.064935,0.935065
5BR4,A,B,1.00,25,360,0.064935,0.935065
5BR4,A,B,2.00,23,362,0.059740,0.940260
5BR4,A,B,5.00,19,366,0.049351,0.950649
9LH0,A,B,0.50,26,9,0.742857,0.257143
9LH0,A,B,1.00,26,9,0.742857,0.257143
9LH0,A,B,2.00,26,9,0.742857,0.257143
9LH0,A,B,5.00,25,10,0.714286,0.285714
6TJ8,A,B,0.50,105,559,0.158133,0.841867
6TJ8,A,B,1.00,105,559,0.158133,0.841867
6TJ8,A,B,2.00,98,566,0.147590,0.852410
6TJ8,A,B,5.00,87,577,0.131024,0.868976
2XTT,A,B,0.50,18,17,0.514286,0.485714
2XTT,A,B,1.00,18,17,0.514286,0.485714
2XTT,A,B,2.00,18,17,0.514286,0.485714
2XTT,A,B,5.00,18,17,0.514286,0.485714
3FX5,A,B,0.50,40,59,0.404040,0.595960
3FX5,A,B,1.00,40,59,0.404040,0.595960
3FX5,A,B,2.00,39,60,0.393939,0.606061
3FX5,A,B,5.00,38,61,0.383838,0.616162
2GUD,A,B,0.50,51,70,0.421488,0.578512
2GUD,A,B,1.00,51,70,0.421488,0.578512
2GUD,A,B,2.00,50,71,0.413223,0.586777
2GUD,A,B,5.00,46,75,0.380165,0.619835
7APS,A,B,0.50,17,111,0.132812,0.867188
7APS,A,B,1.00,17,111,0.132812,0.867188
7APS,A,B,2.00,16,112,0.125000,0.875000
7APS,A,B,5.00,14,114,0.109375,0.890625
9YFS,A,B,0.50,36,159,0.184615,0.815385
9YFS,A,B,1.00,36,159,0.184615,0.815385
9YFS,A,B,2.00,36,159,0.184615,0.815385
9YFS,A,B,5.00,33,162,0.169231,0.830769
1NKI,A,B,0.50,61,73,0.455224,0.544776
1NKI,A,B,1.00,61,73,0.455224,0.544776
1NKI,A,B,2.00,61,73,0.455224,0.544776
1NKI,A,B,5.00,56,78,0.417910,0.582090
3F1L,A,B,0.50,36,209,0.146939,0.853061
3F1L,A,B,1.00,36,209,0.146939,0.853061
3F1L,A,B,2.00,36,209,0.146939,0.853061
3F1L,A,B,5.00,33,212,0.134694,0.865306
4EGU,A,B,0.50,45,73,0.381356,0.618644
4EGU,A,B,1.00,45,73,0.381356,0.618644
4EGU,A,B,2.00,41,77,0.347458,0.652542
4EGU,A,B,5.00,40,78,0.338983,0.661017
4UNU,A,B,0.50,19,90,0.174312,0.825688
4UNU,A,B,1.00,19,90,0.174312,0.825688
4UNU,A,B,2.00,18,91,0.165138,0.834862
4UNU,A,B,5.00,16,93,0.146789,0.853211
5AQ0,A,B,0.50,12,69,0.148148,0.851852
5AQ0,A,B,1.00,12,69,0.148148,0.851852
5AQ0,A,B,2.00,12,69,0.148148,0.851852
5AQ0,A,B,5.00,11,70,0.135802,0.864198
5JSK,A,B,0.50,83,200,0.293286,0.706714
5JSK,A,B,1.00,83,200,0.293286,0.706714
5JSK,A,B,2.00,83,200,0.293286,0.706714
5JSK,A,B,5.00,81,202,0.286219,0.713781
6J64,A,B,0.50,47,66,0.415929,0.584071
6J64,A,B,1.00,47,66,0.415929,0.584071
6J64,A,B,2.00,46,67,0.407080,0.592920
6J64,A,B,5.00,39,74,0.345133,0.654867
6TJ9,A,B,0.50,107,557,0.161145,0.838855
6TJ9,A,B,1.00,107,557,0.161145,0.838855
6TJ9,A,B,2.00,97,567,0.146084,0.853916
6TJ9,A,B,5.00,86,578,0.129518,0.870482
6YTU,A,B,0.50,20,14,0.588235,0.411765
6YTU,A,B,1.00,20,14,0.588235,0.411765
6YTU,A,B,2.00,20,14,0.588235,0.411765
6YTU,A,B,5.00,19,15,0.558824,0.441176
8PKR,A,B,0.50,43,78,0.355372,0.644628
8PKR,A,B,1.00,43,78,0.355372,0.644628
8PKR,A,B,2.00,41,80,0.338843,0.661157
8PKR,A,B,5.00,40,81,0.330579,0.669421
9LB3,A,B,0.50,30,118,0.202703,0.797297
9LB3,A,B,1.00,30,118,0.202703,0.797297
9LB3,A,B,2.00,29,119,0.195946,0.804054
9LB3,A,B,5.00,27,121,0.182432,0.817568
9GZ4,A,B,0.50,103,290,0.262087,0.737913
9GZ4,A,B,1.00,103,290,0.262087,0.737913
9GZ4,A,B,2.00,90,303,0.229008,0.770992
9GZ4,A,B,5.00,81,312,0.206107,0.793893
2NMZ,A,B,0.50,39,60,0.393939,0.606061
2NMZ,A,B,1.00,39,60,0.393939,0.606061
2NMZ,A,B,2.00,39,60,0.393939,0.606061
2NMZ,A,B,5.00,37,62,0.373737,0.626263
3EO6,A,B,0.50,31,70,0.306931,0.693069
3EO6,A,B,1.00,31,70,0.306931,0.693069
3EO6,A,B,2.00,30,71,0.297030,0.702970
3EO6,A,B,5.00,26,75,0.257426,0.742574
3AZD,A,B,0.50,17,13,0.566667,0.433333
3AZD,A,B,1.00,17,13,0.566667,0.433333
3AZD,A,B,2.00,16,14,0.533333,0.466667
3AZD,A,B,5.00,16,14,0.533333,0.466667
3PSM,A,B,0.50,10,37,0.212766,0.787234
3PSM,A,B,1.00,10,37,0.212766,0.787234
3PSM,A,B,2.00,8,39,0.170213,0.829787
3PSM,A,B,5.00,8,39,0.170213,0.829787
4A7U,A,F,0.50,19,134,0.124183,0.875817
4A7U,A,F,1.00,19,134,0.124183,0.875817
4A7U,A,F,2.00,18,135,0.117647,0.882353
4A7U,A,F,5.00,17,136,0.111111,0.888889
5SY4,A,B,0.50,36,159,0.184615,0.815385
5SY4,A,B,1.00,36,159,0.184615,0.815385
5SY4,A,B,2.00,35,160,0.179487,0.820513
5SY4,A,B,5.00,32,163,0.164103,0.835897
9YKF,A,B,0.50,36,159,0.184615,0.815385
9YKF,A,B,1.00,36,159,0.184615,0.815385
9YKF,A,B,2.00,36,159,0.184615,0.815385
9YKF,A,B,5.00,32,163,0.164103,0.835897
1MWQ,A,B,0.50,41,58,0.414141,0.585859
1MWQ,A,B,1.00,41,58,0.414141,0.585859
1MWQ,A,B,2.00,37,62,0.373737,0.626263
1MWQ,A,B,5.00,35,64,0.353535,0.646465
6RK0,A,B,0.50,94,120,0.439252,0.560748
6RK0,A,B,1.00,94,120,0.439252,0.560748
6RK0,A,B,2.00,94,120,0.439252,0.560748
6RK0,A,B,5.00,91,123,0.425234,0.574766
9GTJ,A,B,0.50,29,157,0.155914,0.844086
9GTJ,A,B,1.00,29,157,0.155914,0.844086
9GTJ,A,B,2.00,29,157,0.155914,0.844086
9GTJ,A,B,5.00,29,157,0.155914,0.844086
4NDS,A,B,0.50,25,69,0.265957,0.734043
4NDS,A,B,1.00,25,69,0.265957,0.734043
4NDS,A,B,2.00,24,70,0.255319,0.744681
4NDS,A,B,5.00,23,71,0.244681,0.755319
2JHF,A,B,0.50,47,327,0.125668,0.874332
2JHF,A,B,1.00,47,327,0.125668,0.874332
2JHF,A,B,2.00,46,328,0.122995,0.877005
2JHF,A,B,5.00,42,332,0.112299,0.887701
2PL7,A,B,0.50,12,55,0.179104,0.820896
2PL7,A,B,1.00,12,55,0.179104,0.820896
2PL7,A,B,2.00,12,55,0.179104,0.820896
2PL7,A,B,5.00,12,55,0.179104,0.820896
2VHA,A,B,0.50,21,256,0.075812,0.924188
2VHA,A,B,1.00,21,256,0.075812,0.924188
2VHA,A,B,2.00,21,256,0.075812,0.924188
2VHA,A,B,5.00,20,257,0.072202,0.927798
2WYT,A,F,0.50,19,134,0.124183,0.875817
2WYT,A,F,1.00,19,134,0.124183,0.875817
2WYT,A,F,2.00,17,136,0.111111,0.888889
2WYT,A,F,5.00,17,136,0.111111,0.888889
3CCD,A,B,0.50,7,78,0.082353,0.917647
3CCD,A,B,1.00,7,78,0.082353,0.917647
3CCD,A,B,2.00,7,78,0.082353,0.917647
3CCD,A,B,5.00,6,79,0.070588,0.929412
3DJK,A,B,0.50,43,56,0.434343,0.565657
3DJK,A,B,1.00,43,56,0.434343,0.565657
3DJK,A,B,2.00,42,57,0.424242,0.575758
3DJK,A,B,5.00,39,60,0.393939,0.606061
3NOQ,A,B,0.50,61,166,0.268722,0.731278
3NOQ,A,B,1.00,61,166,0.268722,0.731278
3NOQ,A,B,2.00,60,167,0.264317,0.735683
3NOQ,A,B,5.00,53,174,0.233480,0.766520
3RQ9,A,B,0.50,20,58,0.256410,0.743590
3RQ9,A,B,1.00,20,58,0.256410,0.743590
3RQ9,A,B,2.00,20,58,0.256410,0.743590
3RQ9,A,B,5.00,19,59,0.243590,0.756410
3VRC,A,B,0.50,20,110,0.153846,0.846154
3VRC,A,B,1.00,20,110,0.153846,0.846154
3VRC,A,B,2.00,19,111,0.146154,0.853846
3VRC,A,B,5.00,18,112,0.138462,0.861538
4A7V,A,F,0.50,18,135,0.117647,0.882353
4A7V,A,F,1.00,18,135,0.117647,0.882353
4A7V,A,F,2.00,18,135,0.117647,0.882353
4A7V,A,F,5.00,17,136,0.111111,0.888889
4AXO,A,B,0.50,45,81,0.357143,0.642857
4AXO,A,B,1.00,45,81,0.357143,0.642857
4AXO,A,B,2.00,44,82,0.349206,0.650794
4AXO,A,B,5.00,39,87,0.309524,0.690476
4CNN,A,B,0.50,29,216,0.118367,0.881633
4CNN,A,B,1.00,29,216,0.118367,0.881633
4CNN,A,B,2.00,29,216,0.118367,0.881633
4CNN,A,B,5.00,28,217,0.114286,0.885714
4YNH,A,B,0.50,35,23,0.603448,0.396552
4YNH,A,B,1.00,35,23,0.603448,0.396552
4YNH,A,B,2.00,33,25,0.568966,0.431034
4YNH,A,B,5.00,33,25,0.568966,0.431034
5IDB,A,B,0.50,32,110,0.225352,0.774648
5IDB,A,B,1.00,32,110,0.225352,0.774648
5IDB,A,B,2.00,29,113,0.204225,0.795775
5IDB,A,B,5.00,24,118,0.169014,0.830986
5XQP,A,B,0.50,12,53,0.184615,0.815385
5XQP,A,B,1.00,12,53,0.184615,0.815385
5XQP,A,B,2.00,11,54,0.169231,0.830769
5XQP,A,B,5.00,11,54,0.169231,0.830769
6IXD,A,B,0.50,42,57,0.424242,0.575758
6IXD,A,B,1.00,42,57,0.424242,0.575758
6IXD,A,B,2.00,42,57,0.424242,0.575758
6IXD,A,B,5.00,37,62,0.373737,0.626263
6L8G,A,B,0.50,30,8,0.789474,0.210526
6L8G,A,B,1.00,30,8,0.789474,0.210526
6L8G,A,B,2.00,29,9,0.763158,0.236842
6L8G,A,B,5.00,28,10,0.736842,0.263158
7Q1Q,A,B,0.50,13,17,0.433333,0.566667
7Q1Q,A,B,1.00,13,17,0.433333,0.566667
7Q1Q,A,B,2.00,13,17,0.433333,0.566667
7Q1Q,A,B,5.00,12,18,0.400000,0.600000
8DA5,A,B,0.50,16,41,0.280702,0.719298
8DA5,A,B,1.00,16,41,0.280702,0.719298
8DA5,A,B,2.00,15,42,0.263158,0.736842
8DA5,A,B,5.00,15,42,0.263158,0.736842
8TSX,A,B,0.50,63,163,0.278761,0.721239
8TSX,A,B,1.00,63,163,0.278761,0.721239
8TSX,A,B,2.00,59,167,0.261062,0.738938
8TSX,A,B,5.00,52,174,0.230088,0.769912
4YPO,A,B,0.50,130,195,0.400000,0.600000
4YPO,A,B,1.00,130,195,0.400000,0.600000
4YPO,A,B,2.00,126,199,0.387692,0.612308
4YPO,A,B,5.00,120,205,0.369231,0.630769
3SK2,A,B,0.50,57,75,0.431818,0.568182
3SK2,A,B,1.00,57,75,0.431818,0.568182
3SK2,A,B,2.00,57,75,0.431818,0.568182
3SK2,A,B,5.00,52,80,0.393939,0.606061
8BJ8,A,B,0.50,99,295,0.251269,0.748731
8BJ8,A,B,1.00,99,295,0.251269,0.748731
8BJ8,A,B,2.00,91,303,0.230964,0.769036
8BJ8,A,B,5.00,82,312,0.208122,0.791878
8Q1F,A,B,0.50,15,206,0.067873,0.932127
8Q1F,A,B,1.00,15,206,0.067873,0.932127
8Q1F,A,B,2.00,15,206,0.067873,0.932127
8Q1F,A,B,5.00,13,208,0.058824,0.941176
3NU3,A,B,0.50,43,56,0.434343,0.565657
3NU3,A,B,1.00,43,56,0.434343,0.565657
3NU3,A,B,2.00,41,58,0.414141,0.585859
3NU3,A,B,5.00,38,61,0.383838,0.616162
5QU3,A,B,0.50,47,10,0.824561,0.175439
5QU3,A,B,1.00,47,10,0.824561,0.175439
5QU3,A,B,2.00,45,12,0.789474,0.210526
5QU3,A,B,5.00,45,12,0.789474,0.210526
6J5S,A,B,0.50,46,67,0.407080,0.592920
6J5S,A,B,1.00,46,67,0.407080,0.592920
6J5S,A,B,2.00,45,68,0.398230,0.601770
6J5S,A,B,5.00,39,74,0.345133,0.654867
6Z8M,A,B,0.50,82,201,0.289753,0.710247
6Z8M,A,B,1.00,82,201,0.289753,0.710247
6Z8M,A,B,2.00,82,201,0.289753,0.710247
6Z8M,A,B,5.00,78,205,0.275618,0.724382
8DA7,A,B,0.50,16,38,0.296296,0.703704
8DA7,A,B,1.00,16,38,0.296296,0.703704
8DA7,A,B,2.00,16,38,0.296296,0.703704
8DA7,A,B,5.00,14,40,0.259259,0.740741
8QF4,A,E,0.50,25,42,0.373134,0.626866
8QF4,A,E,1.00,25,42,0.373134,0.626866
8QF4,A,E,2.00,25,42,0.373134,0.626866
8QF4,A,E,5.00,23,44,0.343284,0.656716
8TT5,A,B,0.50,61,166,0.268722,0.731278
8TT5,A,B,1.00,61,166,0.268722,0.731278
8TT5,A,B,2.00,58,169,0.255507,0.744493
8TT5,A,B,5.00,52,175,0.229075,0.770925
9GZ0,A,B,0.50,103,290,0.262087,0.737913
9GZ0,A,B,1.00,103,290,0.262087,0.737913
9GZ0,A,B,2.00,92,301,0.234097,0.765903
9GZ0,A,B,5.00,82,311,0.208651,0.791349
9GZL,A,B,0.50,102,292,0.258883,0.741117
9GZL,A,B,1.00,102,292,0.258883,0.741117
9GZL,A,B,2.00,92,302,0.233503,0.766497
9GZL,A,B,5.00,81,313,0.205584,0.794416
9QDG,A,B,0.50,97,296,0.246819,0.753181
9QDG,A,B,1.00,97,296,0.246819,0.753181
9QDG,A,B,2.00,90,303,0.229008,0.770992
9QDG,A,B,5.00,82,311,0.208651,0.791349
9ZDI,A,B,0.50,14,38,0.269231,0.730769
9ZDI,A,B,1.00,14,38,0.269231,0.730769
9ZDI,A,B,2.00,14,38,0.269231,0.730769
9ZDI,A,B,5.00,13,39,0.250000,0.750000
1KQP,A,B,0.50,64,207,0.236162,0.763838
1KQP,A,B,1.00,64,207,0.236162,0.763838
1KQP,A,B,2.00,61,210,0.225092,0.774908
1KQP,A,B,5.00,58,213,0.214022,0.785978
3NDX,A,B,0.50,40,59,0.404040,0.595960
3NDX,A,B,1.00,40,59,0.404040,0.595960
3NDX,A,B,2.00,39,60,0.393939,0.606061
3NDX,A,B,5.00,35,64,0.353535,0.646465
3NOO,A,B,0.50,61,167,0.267544,0.732456
3NOO,A,B,1.00,61,167,0.267544,0.732456
3NOO,A,B,2.00,60,168,0.263158,0.736842
3NOO,A,B,5.00,53,175,0.232456,0.767544
3O1N,A,B,0.50,26,226,0.103175,0.896825
3O1N,A,B,1.00,26,226,0.103175,0.896825
3O1N,A,B,2.00,26,226,0.103175,0.896825
3O1N,A,B,5.00,24,228,0.095238,0.904762
3VZ9,B,D,0.50,40,63,0.388350,0.611650
3VZ9,B,D,1.00,40,63,0.388350,0.611650
3VZ9,B,D,2.00,36,67,0.349515,0.650485
3VZ9,B,D,5.00,34,69,0.330097,0.669903
1WUI,L,S,0.50,93,439,0.174812,0.825188
1WUI,L,S,1.00,93,439,0.174812,0.825188
1WUI,L,S,2.00,89,443,0.167293,0.832707
1WUI,L,S,5.00,81,451,0.152256,0.847744
2ANV,A,B,0.50,29,117,0.198630,0.801370
2ANV,A,B,1.00,29,117,0.198630,0.801370
2ANV,A,B,2.00,28,118,0.191781,0.808219
2ANV,A,B,5.00,23,123,0.157534,0.842466
2ANX,A,B,0.50,15,131,0.102740,0.897260
2ANX,A,B,1.00,15,131,0.102740,0.897260
2ANX,A,B,2.00,14,132,0.095890,0.904110
2ANX,A,B,5.00,14,132,0.095890,0.904110
2GJ3,A,B,0.50,25,94,0.210084,0.789916
2GJ3,A,B,1.00,25,94,0.210084,0.789916
2GJ3,A,B,2.00,25,94,0.210084,0.789916
2GJ3,A,B,5.00,24,95,0.201681,0.798319
2OB3,A,B,0.50,35,294,0.106383,0.893617
2OB3,A,B,1.00,35,294,0.106383,0.893617
2OB3,A,B,2.00,35,294,0.106383,0.893617
2OB3,A,B,5.00,32,297,0.097264,0.902736
5JSY,A,B,0.50,83,200,0.293286,0.706714
5JSY,A,B,1.00,83,200,0.293286,0.706714
5JSY,A,B,2.00,83,200,0.293286,0.706714
5JSY,A,B,5.00,80,203,0.282686,0.717314
8BJ7,A,B,0.50,99,296,0.250633,0.749367
8BJ7,A,B,1.00,99,296,0.250633,0.749367
8BJ7,A,B,2.00,91,304,0.230380,0.769620
8BJ7,A,B,5.00,82,313,0.207595,0.792405
8W6X,L,S,0.50,93,440,0.174484,0.825516
8W6X,L,S,1.00,93,440,0.174484,0.825516
8W6X,L,S,2.00,88,445,0.165103,0.834897
8W6X,L,S,5.00,84,449,0.157598,0.842402
8AYV,A,B,0.50,34,116,0.226667,0.773333
8AYV,A,B,1.00,34,116,0.226667,0.773333
8AYV,A,B,2.00,32,118,0.213333,0.786667
8AYV,A,B,5.00,30,120,0.200000,0.800000
1KJQ,A,B,0.50,58,330,0.149485,0.850515
1KJQ,A,B,1.00,58,330,0.149485,0.850515
1KJQ,A,B,2.00,55,333,0.141753,0.858247
1KJQ,A,B,5.00,54,334,0.139175,0.860825
1M2D,A,B,0.50,15,86,0.148515,0.851485
1M2D,A,B,1.00,15,86,0.148515,0.851485
1M2D,A,B,2.00,15,86,0.148515,0.851485
1M2D,A,B,5.00,15,86,0.148515,0.851485
1PSR,A,B,0.50,33,67,0.330000,0.670000
1PSR,A,B,1.00,33,67,0.330000,0.670000
1PSR,A,B,2.00,32,68,0.320000,0.680000
1PSR,A,B,5.00,31,69,0.310000,0.690000
2AXW,A,B,0.50,54,80,0.402985,0.597015
2AXW,A,B,1.00,54,80,0.402985,0.597015
2AXW,A,B,2.00,52,82,0.388060,0.611940
2AXW,A,B,5.00,48,86,0.358209,0.641791
2HIN,A,B,0.50,16,50,0.242424,0.757576
2HIN,A,B,1.00,16,50,0.242424,0.757576
2HIN,A,B,2.00,14,52,0.212121,0.787879
2HIN,A,B,5.00,13,53,0.196970,0.803030
2V9B,A,B,0.50,11,35,0.239130,0.760870
2V9B,A,B,1.00,11,35,0.239130,0.760870
2V9B,A,B,2.00,11,35,0.239130,0.760870
2V9B,A,B,5.00,10,36,0.217391,0.782609
3BEU,A,B,0.50,24,200,0.107143,0.892857
3BEU,A,B,1.00,24,200,0.107143,0.892857
3BEU,A,B,2.00,23,201,0.102679,0.897321
3BEU,A,B,5.00,20,204,0.089286,0.910714
3BVA,A,B,0.50,43,56,0.434343,0.565657
3BVA,A,B,1.00,43,56,0.434343,0.565657
3BVA,A,B,2.00,42,57,0.424242,0.575758
3BVA,A,B,5.00,37,62,0.373737,0.626263
3D1X,A,B,0.50,42,57,0.424242,0.575758
3D1X,A,B,1.00,42,57,0.424242,0.575758
3D1X,A,B,2.00,42,57,0.424242,0.575758
3D1X,A,B,5.00,38,61,0.383838,0.616162
3D1Y,A,B,0.50,43,56,0.434343,0.565657
3D1Y,A,B,1.00,43,56,0.434343,0.565657
3D1Y,A,B,2.00,43,56,0.434343,0.565657
3D1Y,A,B,5.00,39,60,0.393939,0.606061
3D20,A,B,0.50,42,57,0.424242,0.575758
3D20,A,B,1.00,42,57,0.424242,0.575758
3D20,A,B,2.00,41,58,0.414141,0.585859
3D20,A,B,5.00,38,61,0.383838,0.616162
3GMX,A,B,0.50,30,124,0.194805,0.805195
3GMX,A,B,1.00,30,124,0.194805,0.805195
3GMX,A,B,2.00,30,124,0.194805,0.805195
3GMX,A,B,5.00,29,125,0.188312,0.811688
3NON,A,B,0.50,61,164,0.271111,0.728889
3NON,A,B,1.00,61,164,0.271111,0.728889
3NON,A,B,2.00,60,165,0.266667,0.733333
3NON,A,B,5.00,52,173,0.231111,0.768889
3R40,A,B,0.50,26,265,0.089347,0.910653
3R40,A,B,1.00,26,265,0.089347,0.910653
3R40,A,B,2.00,26,265,0.089347,0.910653
3R40,A,B,5.00,25,266,0.085911,0.914089
3R41,A,B,0.50,26,276,0.086093,0.913907
3R41,A,B,1.00,26,276,0.086093,0.913907
3R41,A,B,2.00,26,276,0.086093,0.913907
3R41,A,B,5.00,23,279,0.076159,0.923841
3VM9,A,B,0.50,65,88,0.424837,0.575163
3VM9,A,B,1.00,65,88,0.424837,0.575163
3VM9,A,B,2.00,65,88,0.424837,0.575163
3VM9,A,B,5.00,63,90,0.411765,0.588235
3WMV,A,B,0.50,17,133,0.113333,0.886667
3WMV,A,B,1.00,17,133,0.113333,0.886667
3WMV,A,B,2.00,17,133,0.113333,0.886667
3WMV,A,B,5.00,15,135,0.100000,0.900000
4QYT,A,B,0.50,35,154,0.185185,0.814815
4QYT,A,B,1.00,35,154,0.185185,0.814815
4QYT,A,B,2.00,35,154,0.185185,0.814815
4QYT,A,B,5.00,29,160,0.153439,0.846561
5FI3,A,B,0.50,37,307,0.107558,0.892442
5FI3,A,B,1.00,37,307,0.107558,0.892442
5FI3,A,B,2.00,35,309,0.101744,0.898256
5FI3,A,B,5.00,35,309,0.101744,0.898256
5QU4,A,C,0.50,47,10,0.824561,0.175439
5QU4,A,C,1.00,47,10,0.824561,0.175439
5QU4,A,C,2.00,47,10,0.824561,0.175439
5QU4,A,C,5.00,45,12,0.789474,0.210526
5U4H,A,B,0.50,37,383,0.088095,0.911905
5U4H,A,B,1.00,37,383,0.088095,0.911905
5U4H,A,B,2.00,35,385,0.083333,0.916667
5U4H,A,B,5.00,31,389,0.073810,0.926190
6NIA,A,B,0.50,64,163,0.281938,0.718062
6NIA,A,B,1.00,64,163,0.281938,0.718062
6NIA,A,B,2.00,58,169,0.255507,0.744493
6NIA,A,B,5.00,53,174,0.233480,0.766520
6NNR,A,B,0.50,60,203,0.228137,0.771863
6NNR,A,B,1.00,60,203,0.228137,0.771863
6NNR,A,B,2.00,55,208,0.209125,0.790875
6NNR,A,B,5.00,49,214,0.186312,0.813688
6RJC,A,B,0.50,106,559,0.159398,0.840602
6RJC,A,B,1.00,106,559,0.159398,0.840602
6RJC,A,B,2.00,99,566,0.148872,0.851128
6RJC,A,B,5.00,85,580,0.127820,0.872180
7OQF,A,B,0.50,52,202,0.204724,0.795276
7OQF,A,B,1.00,52,202,0.204724,0.795276
7OQF,A,B,2.00,51,203,0.200787,0.799213
7OQF,A,B,5.00,46,208,0.181102,0.818898
7OQM,A,B,0.50,52,202,0.204724,0.795276
7OQM,A,B,1.00,52,202,0.204724,0.795276
7OQM,A,B,2.00,51,203,0.200787,0.799213
7OQM,A,B,5.00,46,208,0.181102,0.818898
8Q9X,A,B,0.50,70,401,0.148620,0.851380
8Q9X,A,B,1.00,70,401,0.148620,0.851380
8Q9X,A,B,2.00,66,405,0.140127,0.859873
8Q9X,A,B,5.00,59,412,0.125265,0.874735
9EZU,A,B,0.50,21,97,0.177966,0.822034
9EZU,A,B,1.00,21,97,0.177966,0.822034
9EZU,A,B,2.00,20,98,0.169492,0.830508
9EZU,A,B,5.00,17,101,0.144068,0.855932
9HDX,A,B,0.50,52,204,0.203125,0.796875
9HDX,A,B,1.00,52,204,0.203125,0.796875
9HDX,A,B,2.00,50,206,0.195312,0.804688
9HDX,A,B,5.00,43,213,0.167969,0.832031
9SA1,A,B,0.50,31,47,0.397436,0.602564
9SA1,A,B,1.00,31,47,0.397436,0.602564
9SA1,A,B,2.00,31,47,0.397436,0.602564
9SA1,A,B,5.00,28,50,0.358974,0.641026
2Z8A,A,B,0.50,26,119,0.179310,0.820690
2Z8A,A,B,1.00,26,119,0.179310,0.820690
2Z8A,A,B,2.00,25,120,0.172414,0.827586
2Z8A,A,B,5.00,23,122,0.158621,0.841379
3LB2,A,B,0.50,12,125,0.087591,0.912409
3LB2,A,B,1.00,12,125,0.087591,0.912409
3LB2,A,B,2.00,11,126,0.080292,0.919708
3LB2,A,B,5.00,10,127,0.072993,0.927007
3MCW,A,B,0.50,29,163,0.151042,0.848958
3MCW,A,B,1.00,29,163,0.151042,0.848958
3MCW,A,B,2.00,29,163,0.151042,0.848958
3MCW,A,B,5.00,28,164,0.145833,0.854167
4A7S,A,F,0.50,19,134,0.124183,0.875817
4A7S,A,F,1.00,19,134,0.124183,0.875817
4A7S,A,F,2.00,18,135,0.117647,0.882353
4A7S,A,F,5.00,17,136,0.111111,0.888889
4HE9,A,B,0.50,41,58,0.414141,0.585859
4HE9,A,B,1.00,41,58,0.414141,0.585859
4HE9,A,B,2.00,40,59,0.404040,0.595960
4HE9,A,B,5.00,36,63,0.363636,0.636364
4U9I,L,S,0.50,93,440,0.174484,0.825516
4U9I,L,S,1.00,93,440,0.174484,0.825516
4U9I,L,S,2.00,88,445,0.165103,0.834897
4U9I,L,S,5.00,79,454,0.148218,0.851782
7XFS,A,B,0.50,14,82,0.145833,0.854167
7XFS,A,B,1.00,14,82,0.145833,0.854167
7XFS,A,B,2.00,13,83,0.135417,0.864583
7XFS,A,B,5.00,13,83,0.135417,0.864583
8DA3,A,B,0.50,15,39,0.277778,0.722222
8DA3,A,B,1.00,15,39,0.277778,0.722222
8DA3,A,B,2.00,14,40,0.259259,0.740741
8DA3,A,B,5.00,14,40,0.259259,0.740741
8GKO,A,C,0.50,28,67,0.294737,0.705263
8GKO,A,C,1.00,28,67,0.294737,0.705263
8GKO,A,C,2.00,27,68,0.284211,0.715789
8GKO,A,C,5.00,27,68,0.284211,0.715789
2C9V,A,F,0.50,20,133,0.130719,0.869281
2C9V,A,F,1.00,20,133,0.130719,0.869281
2C9V,A,F,2.00,18,135,0.117647,0.882353
2C9V,A,F,5.00,17,136,0.111111,0.888889
3DK1,A,B,0.50,43,56,0.434343,0.565657
3DK1,A,B,1.00,43,56,0.434343,0.565657
3DK1,A,B,2.00,42,57,0.424242,0.575758
3DK1,A,B,5.00,38,61,0.383838,0.616162
3SZH,A,B,0.50,43,72,0.373913,0.626087
3SZH,A,B,1.00,43,72,0.373913,0.626087
3SZH,A,B,2.00,42,73,0.365217,0.634783
3SZH,A,B,5.00,38,77,0.330435,0.669565
4QRN,A,B,0.50,72,280,0.204545,0.795455
4QRN,A,B,1.00,72,280,0.204545,0.795455
4QRN,A,B,2.00,67,285,0.190341,0.809659
4QRN,A,B,5.00,63,289,0.178977,0.821023
6RHF,A,B,0.50,20,86,0.188679,0.811321
6RHF,A,B,1.00,20,86,0.188679,0.811321
6RHF,A,B,2.00,19,87,0.179245,0.820755
6RHF,A,B,5.00,19,87,0.179245,0.820755
6YWH,A,B,0.50,20,88,0.185185,0.814815
6YWH,A,B,1.00,20,88,0.185185,0.814815
6YWH,A,B,2.00,19,89,0.175926,0.824074
6YWH,A,B,5.00,19,89,0.175926,0.824074
8BBP,A,B,0.50,54,290,0.156977,0.843023
8BBP,A,B,1.00,54,290,0.156977,0.843023
8BBP,A,B,2.00,49,295,0.142442,0.857558
8BBP,A,B,5.00,45,299,0.130814,0.869186
8ZYH,A,B,0.50,44,74,0.372881,0.627119
8ZYH,A,B,1.00,44,74,0.372881,0.627119
8ZYH,A,B,2.00,44,74,0.372881,0.627119
8ZYH,A,B,5.00,39,79,0.330508,0.669492
3V1E,A,B,0.50,12,31,0.279070,0.720930
3V1E,A,B,1.00,12,31,0.279070,0.720930
3V1E,A,B,2.00,12,31,0.279070,0.720930
3V1E,A,B,5.00,12,31,0.279070,0.720930
4K12,A,B,0.50,21,43,0.328125,0.671875
4K12,A,B,1.00,21,43,0.328125,0.671875
4K12,A,B,2.00,20,44,0.312500,0.687500
4K12,A,B,5.00,15,49,0.234375,0.765625
1W23,A,B,0.50,63,297,0.175000,0.825000
1W23,A,B,1.00,63,297,0.175000,0.825000
1W23,A,B,2.00,62,298,0.172222,0.827778
1W23,A,B,5.00,59,301,0.163889,0.836111
2XMJ,A,B,0.50,16,47,0.253968,0.746032
2XMJ,A,B,1.00,16,47,0.253968,0.746032
2XMJ,A,B,2.00,15,48,0.238095,0.761905
2XMJ,A,B,5.00,15,48,0.238095,0.761905
4AVR,A,B,0.50,24,71,0.252632,0.747368
4AVR,A,B,1.00,24,71,0.252632,0.747368
4AVR,A,B,2.00,23,72,0.242105,0.757895
4AVR,A,B,5.00,22,73,0.231579,0.768421
4L57,A,B,0.50,28,164,0.145833,0.854167
4L57,A,B,1.00,28,164,0.145833,0.854167
4L57,A,B,2.00,28,164,0.145833,0.854167
4L57,A,B,5.00,27,165,0.140625,0.859375
4PE0,A,X,0.50,39,53,0.423913,0.576087
4PE0,A,X,1.00,39,53,0.423913,0.576087
4PE0,A,X,2.00,37,55,0.402174,0.597826
4PE0,A,X,5.00,35,57,0.380435,0.619565
5F8S,A,B,0.50,16,133,0.107383,0.892617
5F8S,A,B,1.00,16,133,0.107383,0.892617
5F8S,A,B,2.00,16,133,0.107383,0.892617
5F8S,A,B,5.00,15,134,0.100671,0.899329
5K1L,A,B,0.50,15,122,0.109489,0.890511
5K1L,A,B,1.00,15,122,0.109489,0.890511
5K1L,A,B,2.00,13,124,0.094891,0.905109
5K1L,A,B,5.00,13,124,0.094891,0.905109
5LKV,A,B,0.50,14,123,0.102190,0.897810
5LKV,A,B,1.00,14,123,0.102190,0.897810
5LKV,A,B,2.00,14,123,0.102190,0.897810
5LKV,A,B,5.00,14,123,0.102190,0.897810
5UMP,A,B,0.50,48,73,0.396694,0.603306
5UMP,A,B,1.00,48,73,0.396694,0.603306
5UMP,A,B,2.00,48,73,0.396694,0.603306
5UMP,A,B,5.00,46,75,0.380165,0.619835
6SFE,A,B,0.50,28,224,0.111111,0.888889
6SFE,A,B,1.00,28,224,0.111111,0.888889
6SFE,A,B,2.00,26,226,0.103175,0.896825
6SFE,A,B,5.00,26,226,0.103175,0.896825
7Q1R,A,B,0.50,16,14,0.533333,0.466667
7Q1R,A,B,1.00,16,14,0.533333,0.466667
7Q1R,A,B,2.00,16,14,0.533333,0.466667
7Q1R,A,B,5.00,16,14,0.533333,0.466667
7UEZ,A,B,0.50,31,166,0.157360,0.842640
7UEZ,A,B,1.00,31,166,0.157360,0.842640
7UEZ,A,B,2.00,28,169,0.142132,0.857868
7UEZ,A,B,5.00,28,169,0.142132,0.857868
8ZYG,A,B,0.50,47,70,0.401709,0.598291
8ZYG,A,B,1.00,47,70,0.401709,0.598291
8ZYG,A,B,2.00,44,73,0.376068,0.623932
8ZYG,A,B,5.00,39,78,0.333333,0.666667
9JEW,A,B,0.50,49,69,0.415254,0.584746
9JEW,A,B,1.00,49,69,0.415254,0.584746
9JEW,A,B,2.00,45,73,0.381356,0.618644
9JEW,A,B,5.00,38,80,0.322034,0.677966
9XS9,A,B,0.50,48,70,0.406780,0.593220
9XS9,A,B,1.00,48,70,0.406780,0.593220
9XS9,A,B,2.00,43,75,0.364407,0.635593
9XS9,A,B,5.00,38,80,0.322034,0.677966
1KZK,A,B,0.50,40,59,0.404040,0.595960
1KZK,A,B,1.00,40,59,0.404040,0.595960
1KZK,A,B,2.00,39,60,0.393939,0.606061
1KZK,A,B,5.00,37,62,0.373737,0.626263
1QLW,A,B,0.50,75,243,0.235849,0.764151
1QLW,A,B,1.00,75,243,0.235849,0.764151
1QLW,A,B,2.00,71,247,0.223270,0.776730
1QLW,A,B,5.00,66,252,0.207547,0.792453
2CAR,A,B,0.50,29,167,0.147959,0.852041
2CAR,A,B,1.00,29,167,0.147959,0.852041
2CAR,A,B,2.00,27,169,0.137755,0.862245
2CAR,A,B,5.00,23,173,0.117347,0.882653
2ZJX,A,B,0.50,10,48,0.172414,0.827586
2ZJX,A,B,1.00,10,48,0.172414,0.827586
2ZJX,A,B,2.00,10,48,0.172414,0.827586
2ZJX,A,B,5.00,8,50,0.137931,0.862069
2ZVX,A,B,0.50,9,49,0.155172,0.844828
2ZVX,A,B,1.00,9,49,0.155172,0.844828
2ZVX,A,B,2.00,9,49,0.155172,0.844828
2ZVX,A,B,5.00,7,51,0.120690,0.879310
3MWS,A,B,0.50,42,57,0.424242,0.575758
3MWS,A,B,1.00,42,57,0.424242,0.575758
3MWS,A,B,2.00,42,57,0.424242,0.575758
3MWS,A,B,5.00,36,63,0.363636,0.636364
3ZY7,A,B,0.50,21,95,0.181034,0.818966
3ZY7,A,B,1.00,21,95,0.181034,0.818966
3ZY7,A,B,2.00,19,97,0.163793,0.836207
3ZY7,A,B,5.00,18,98,0.155172,0.844828
4ZO2,A,B,0.50,26,267,0.088737,0.911263
4ZO2,A,B,1.00,26,267,0.088737,0.911263
4ZO2,A,B,2.00,25,268,0.085324,0.914676
4ZO2,A,B,5.00,23,270,0.078498,0.921502
5Y9Z,A,B,0.50,33,165,0.166667,0.833333
5Y9Z,A,B,1.00,33,165,0.166667,0.833333
5Y9Z,A,B,2.00,33,165,0.166667,0.833333
5Y9Z,A,B,5.00,30,168,0.151515,0.848485
6THO,A,B,0.50,41,179,0.186364,0.813636
6THO,A,B,1.00,41,179,0.186364,0.813636
6THO,A,B,2.00,40,180,0.181818,0.818182
6THO,A,B,5.00,37,183,0.168182,0.831818
6Z8J,A,B,0.50,83,196,0.297491,0.702509
6Z8J,A,B,1.00,83,196,0.297491,0.702509
6Z8J,A,B,2.00,82,197,0.293907,0.706093
6Z8J,A,B,5.00,77,202,0.275986,0.724014
6ZEG,A,C,0.50,77,234,0.247588,0.752412
6ZEG,A,C,1.00,77,234,0.247588,0.752412
6ZEG,A,C,2.00,71,240,0.228296,0.771704
6ZEG,A,C,5.00,68,243,0.218650,0.781350
6FIY,A,B,0.50,27,272,0.090301,0.909699
6FIY,A,B,1.00,27,272,0.090301,0.909699
6FIY,A,B,2.00,27,272,0.090301,0.909699
6FIY,A,B,5.00,25,274,0.083612,0.916388
5WAA,A,B,0.50,43,73,0.370690,0.629310
5WAA,A,B,1.00,43,73,0.370690,0.629310
5WAA,A,B,2.00,43,73,0.370690,0.629310
5WAA,A,B,5.00,40,76,0.344828,0.655172
1F86,A,B,0.50,23,92,0.200000,0.800000
1F86,A,B,1.00,23,92,0.200000,0.800000
1F86,A,B,2.00,23,92,0.200000,0.800000
1F86,A,B,5.00,22,93,0.191304,0.808696
1G8T,A,B,0.50,24,217,0.099585,0.900415
1G8T,A,B,1.00,24,217,0.099585,0.900415
1G8T,A,B,2.00,22,219,0.091286,0.908714
1G8T,A,B,5.00,22,219,0.091286,0.908714
1O5X,A,B,0.50,43,203,0.174797,0.825203
1O5X,A,B,1.00,43,203,0.174797,0.825203
1O5X,A,B,2.00,42,204,0.170732,0.829268
1O5X,A,B,5.00,39,207,0.158537,0.841463
1OH0,A,B,0.50,29,96,0.232000,0.768000
1OH0,A,B,1.00,29,96,0.232000,0.768000
1OH0,A,B,2.00,28,97,0.224000,0.776000
1OH0,A,B,5.00,28,97,0.224000,0.776000
1QL0,A,B,0.50,25,216,0.103734,0.896266
1QL0,A,B,1.00,25,216,0.103734,0.896266
1QL0,A,B,2.00,23,218,0.095436,0.904564
1QL0,A,B,5.00,21,220,0.087137,0.912863
1R0R,E,I,0.50,29,245,0.105839,0.894161
1R0R,E,I,1.00,29,245,0.105839,0.894161
1R0R,E,I,2.00,29,245,0.105839,0.894161
1R0R,E,I,5.00,23,251,0.083942,0.916058
1SBY,A,B,0.50,63,191,0.248031,0.751969
1SBY,A,B,1.00,63,191,0.248031,0.751969
1SBY,A,B,2.00,60,194,0.236220,0.763780
1SBY,A,B,5.00,54,200,0.212598,0.787402
1UZ3,A,B,0.50,29,73,0.284314,0.715686
1UZ3,A,B,1.00,29,73,0.284314,0.715686
1UZ3,A,B,2.00,29,73,0.284314,0.715686
1UZ3,A,B,5.00,27,75,0.264706,0.735294
1WUK,L,S,0.50,92,441,0.172608,0.827392
1WUK,L,S,1.00,92,441,0.172608,0.827392
1WUK,L,S,2.00,88,445,0.165103,0.834897
1WUK,L,S,5.00,81,452,0.151970,0.848030
2AB0,A,B,0.50,34,161,0.174359,0.825641
2AB0,A,B,1.00,34,161,0.174359,0.825641
2AB0,A,B,2.00,34,161,0.174359,0.825641
2AB0,A,B,5.00,30,165,0.153846,0.846154
2AIB,A,B,0.50,13,85,0.132653,0.867347
2AIB,A,B,1.00,13,85,0.132653,0.867347
2AIB,A,B,2.00,13,85,0.132653,0.867347
2AIB,A,B,5.00,11,87,0.112245,0.887755
2AOG,A,B,0.50,42,57,0.424242,0.575758
2AOG,A,B,1.00,42,57,0.424242,0.575758
2AOG,A,B,2.00,42,57,0.424242,0.575758
2AOG,A,B,5.00,37,62,0.373737,0.626263
2AVM,A,B,0.50,42,57,0.424242,0.575758
2AVM,A,B,1.00,42,57,0.424242,0.575758
2AVM,A,B,2.00,42,57,0.424242,0.575758
2AVM,A,B,5.00,39,60,0.393939,0.606061
2AVO,A,B,0.50,40,59,0.404040,0.595960
2AVO,A,B,1.00,40,59,0.404040,0.595960
2AVO,A,B,2.00,39,60,0.393939,0.606061
2AVO,A,B,5.00,35,64,0.353535,0.646465
2AVS,A,B,0.50,39,60,0.393939,0.606061
2AVS,A,B,1.00,39,60,0.393939,0.606061
2AVS,A,B,2.00,38,61,0.383838,0.616162
2AVS,A,B,5.00,36,63,0.363636,0.636364
2IDW,A,B,0.50,40,59,0.404040,0.595960
2IDW,A,B,1.00,40,59,0.404040,0.595960
2IDW,A,B,2.00,39,60,0.393939,0.606061
2IDW,A,B,5.00,38,61,0.383838,0.616162
2NMY,A,B,0.50,43,56,0.434343,0.565657
2NMY,A,B,1.00,43,56,0.434343,0.565657
2NMY,A,B,2.00,42,57,0.424242,0.575758
2NMY,A,B,5.00,39,60,0.393939,0.606061
2NXV,A,B,0.50,51,198,0.204819,0.795181
2NXV,A,B,1.00,51,198,0.204819,0.795181
2NXV,A,B,2.00,50,199,0.200803,0.799197
2NXV,A,B,5.00,46,203,0.184739,0.815261
2NYB,A,B,0.50,22,170,0.114583,0.885417
2NYB,A,B,1.00,22,170,0.114583,0.885417
2NYB,A,B,2.00,22,170,0.114583,0.885417
2NYB,A,B,5.00,19,173,0.098958,0.901042
2P45,A,B,0.50,16,108,0.129032,0.870968
2P45,A,B,1.00,16,108,0.129032,0.870968
2P45,A,B,2.00,15,109,0.120968,0.879032
2P45,A,B,5.00,15,109,0.120968,0.879032
3AYJ,A,B,0.50,99,585,0.144737,0.855263
3AYJ,A,B,1.00,99,585,0.144737,0.855263
3AYJ,A,B,2.00,98,586,0.143275,0.856725
3AYJ,A,B,5.00,88,596,0.128655,0.871345
3CT6,A,B,0.50,30,100,0.230769,0.769231
3CT6,A,B,1.00,30,100,0.230769,0.769231
3CT6,A,B,2.00,29,101,0.223077,0.776923
3CT6,A,B,5.00,28,102,0.215385,0.784615
3EWW,A,B,0.50,54,203,0.210117,0.789883
3EWW,A,B,1.00,54,203,0.210117,0.789883
3EWW,A,B,2.00,51,206,0.198444,0.801556
3EWW,A,B,5.00,47,210,0.182879,0.817121
3I2Z,A,B,0.50,15,56,0.211268,0.788732
3I2Z,A,B,1.00,15,56,0.211268,0.788732
3I2Z,A,B,2.00,15,56,0.211268,0.788732
3I2Z,A,B,5.00,13,58,0.183099,0.816901
3RPE,A,B,0.50,52,145,0.263959,0.736041
3RPE,A,B,1.00,52,145,0.263959,0.736041
3RPE,A,B,2.00,52,145,0.263959,0.736041
3RPE,A,B,5.00,47,150,0.238579,0.761421
3WMU,A,B,0.50,16,135,0.105960,0.894040
3WMU,A,B,1.00,16,135,0.105960,0.894040
3WMU,A,B,2.00,16,135,0.105960,0.894040
3WMU,A,B,5.00,14,137,0.092715,0.907285
4CJ0,A,B,0.50,28,506,0.052434,0.947566
4CJ0,A,B,1.00,28,506,0.052434,0.947566
4CJ0,A,B,2.00,26,508,0.048689,0.951311
4CJ0,A,B,5.00,21,513,0.039326,0.960674
4CNG,A,B,0.50,32,124,0.205128,0.794872
4CNG,A,B,1.00,32,124,0.205128,0.794872
4CNG,A,B,2.00,31,125,0.198718,0.801282
4CNG,A,B,5.00,31,125,0.198718,0.801282
4GHO,A,B,0.50,9,87,0.093750,0.906250
4GHO,A,B,1.00,9,87,0.093750,0.906250
4GHO,A,B,2.00,9,87,0.093750,0.906250
4GHO,A,B,5.00,7,89,0.072917,0.927083
4ID0,A,B,0.50,54,147,0.268657,0.731343
4ID0,A,B,1.00,54,147,0.268657,0.731343
4ID0,A,B,2.00,52,149,0.258706,0.741294
4ID0,A,B,5.00,49,152,0.243781,0.756219
4J8C,A,B,0.50,27,17,0.613636,0.386364
4J8C,A,B,1.00,27,17,0.613636,0.386364
4J8C,A,B,2.00,27,17,0.613636,0.386364
4J8C,A,B,5.00,25,19,0.568182,0.431818
4MAK,A,B,0.50,23,50,0.315068,0.684932
4MAK,A,B,1.00,23,50,0.315068,0.684932
4MAK,A,B,2.00,22,51,0.301370,0.698630
4MAK,A,B,5.00,20,53,0.273973,0.726027
4NFS,A,B,0.50,46,328,0.122995,0.877005
4NFS,A,B,1.00,46,328,0.122995,0.877005
4NFS,A,B,2.00,45,329,0.120321,0.879679
4NFS,A,B,5.00,41,333,0.109626,0.890374
4NG5,A,B,0.50,46,328,0.122995,0.877005
4NG5,A,B,1.00,46,328,0.122995,0.877005
4NG5,A,B,2.00,45,329,0.120321,0.879679
4NG5,A,B,5.00,41,333,0.109626,0.890374
4NSY,A,B,0.50,22,242,0.083333,0.916667
4NSY,A,B,1.00,22,242,0.083333,0.916667
4NSY,A,B,2.00,21,243,0.079545,0.920455
4NSY,A,B,5.00,19,245,0.071970,0.928030
4QLP,A,B,0.50,54,121,0.308571,0.691429
4QLP,A,B,1.00,54,121,0.308571,0.691429
4QLP,A,B,2.00,49,126,0.280000,0.720000
4QLP,A,B,5.00,46,129,0.262857,0.737143
4UE8,A,B,0.50,38,124,0.234568,0.765432
4UE8,A,B,1.00,38,124,0.234568,0.765432
4UE8,A,B,2.00,37,125,0.228395,0.771605
4UE8,A,B,5.00,33,129,0.203704,0.796296
4XD2,A,B,0.50,46,328,0.122995,0.877005
4XD2,A,B,1.00,46,328,0.122995,0.877005
4XD2,A,B,2.00,45,329,0.120321,0.879679
4XD2,A,B,5.00,42,332,0.112299,0.887701
5ID8,A,C,0.50,10,131,0.070922,0.929078
5ID8,A,C,1.00,10,131,0.070922,0.929078
5ID8,A,C,2.00,10,131,0.070922,0.929078
5ID8,A,C,5.00,10,131,0.070922,0.929078
5IDA,A,C,0.50,10,131,0.070922,0.929078
5IDA,A,C,1.00,10,131,0.070922,0.929078
5IDA,A,C,2.00,10,131,0.070922,0.929078
5IDA,A,C,5.00,9,132,0.063830,0.936170
5KCP,A,B,0.50,46,328,0.122995,0.877005
5KCP,A,B,1.00,46,328,0.122995,0.877005
5KCP,A,B,2.00,45,329,0.120321,0.879679
5KCP,A,B,5.00,41,333,0.109626,0.890374
5XEC,A,C,0.50,35,47,0.426829,0.573171
5XEC,A,C,1.00,35,47,0.426829,0.573171
5XEC,A,C,2.00,35,47,0.426829,0.573171
5XEC,A,C,5.00,33,49,0.402439,0.597561
6ENI,A,B,0.50,51,53,0.490385,0.509615
6ENI,A,B,1.00,51,53,0.490385,0.509615
6ENI,A,B,2.00,50,54,0.480769,0.519231
6ENI,A,B,5.00,48,56,0.461538,0.538462
6N3X,A,B,0.50,43,72,0.373913,0.626087
6N3X,A,B,1.00,43,72,0.373913,0.626087
6N3X,A,B,2.00,43,72,0.373913,0.626087
6N3X,A,B,5.00,40,75,0.347826,0.652174
6O91,A,B,0.50,47,327,0.125668,0.874332
6O91,A,B,1.00,47,327,0.125668,0.874332
6O91,A,B,2.00,45,329,0.120321,0.879679
6O91,A,B,5.00,41,333,0.109626,0.890374
6OA7,A,B,0.50,47,327,0.125668,0.874332
6OA7,A,B,1.00,47,327,0.125668,0.874332
6OA7,A,B,2.00,46,328,0.122995,0.877005
6OA7,A,B,5.00,41,333,0.109626,0.890374
6OWM,A,B,0.50,46,328,0.122995,0.877005
6OWM,A,B,1.00,46,328,0.122995,0.877005
6OWM,A,B,2.00,45,329,0.120321,0.879679
6OWM,A,B,5.00,40,334,0.106952,0.893048
6RTP,A,B,0.50,83,200,0.293286,0.706714
6RTP,A,B,1.00,83,200,0.293286,0.706714
6RTP,A,B,2.00,83,200,0.293286,0.706714
6RTP,A,B,5.00,78,205,0.275618,0.724382
7ARR,A,D,0.50,11,21,0.343750,0.656250
7ARR,A,D,1.00,11,21,0.343750,0.656250
7ARR,A,D,2.00,11,21,0.343750,0.656250
7ARR,A,D,5.00,11,21,0.343750,0.656250
7F9J,A,B,0.50,38,93,0.290076,0.709924
7F9J,A,B,1.00,38,93,0.290076,0.709924
7F9J,A,B,2.00,36,95,0.274809,0.725191
7F9J,A,B,5.00,33,98,0.251908,0.748092
7OQK,A,B,0.50,52,202,0.204724,0.795276
7OQK,A,B,1.00,52,202,0.204724,0.795276
7OQK,A,B,2.00,51,203,0.200787,0.799213
7OQK,A,B,5.00,46,208,0.181102,0.818898
7OQN,A,B,0.50,52,202,0.204724,0.795276
7OQN,A,B,1.00,52,202,0.204724,0.795276
7OQN,A,B,2.00,51,203,0.200787,0.799213
7OQN,A,B,5.00,45,209,0.177165,0.822835
7Q6A,A,B,0.50,19,149,0.113095,0.886905
7Q6A,A,B,1.00,19,149,0.113095,0.886905
7Q6A,A,B,2.00,19,149,0.113095,0.886905
7Q6A,A,B,5.00,18,150,0.107143,0.892857
7RXK,A,B,0.50,31,98,0.240310,0.759690
7RXK,A,B,1.00,31,98,0.240310,0.759690
7RXK,A,B,2.00,27,102,0.209302,0.790698
7RXK,A,B,5.00,26,103,0.201550,0.798450
7UA6,A,B,0.50,46,328,0.122995,0.877005
7UA6,A,B,1.00,46,328,0.122995,0.877005
7UA6,A,B,2.00,45,329,0.120321,0.879679
7UA6,A,B,5.00,40,334,0.106952,0.893048
7UC9,A,B,0.50,46,328,0.122995,0.877005
7UC9,A,B,1.00,46,328,0.122995,0.877005
7UC9,A,B,2.00,45,329,0.120321,0.879679
7UC9,A,B,5.00,40,334,0.106952,0.893048
7UCA,A,B,0.50,46,328,0.122995,0.877005
7UCA,A,B,1.00,46,328,0.122995,0.877005
7UCA,A,B,2.00,45,329,0.120321,0.879679
7UCA,A,B,5.00,40,334,0.106952,0.893048
7UCU,A,B,0.50,46,328,0.122995,0.877005
7UCU,A,B,1.00,46,328,0.122995,0.877005
7UCU,A,B,2.00,45,329,0.120321,0.879679
7UCU,A,B,5.00,40,334,0.106952,0.893048
7UDD,A,B,0.50,47,327,0.125668,0.874332
7UDD,A,B,1.00,47,327,0.125668,0.874332
7UDD,A,B,2.00,46,328,0.122995,0.877005
7UDD,A,B,5.00,41,333,0.109626,0.890374
7UDE,A,B,0.50,46,328,0.122995,0.877005
7UDE,A,B,1.00,46,328,0.122995,0.877005
7UDE,A,B,2.00,45,329,0.120321,0.879679
7UDE,A,B,5.00,40,334,0.106952,0.893048
7YWG,A,B,0.50,23,124,0.156463,0.843537
7YWG,A,B,1.00,23,124,0.156463,0.843537
7YWG,A,B,2.00,23,124,0.156463,0.843537
7YWG,A,B,5.00,20,127,0.136054,0.863946
8BBU,A,B,0.50,13,109,0.106557,0.893443
8BBU,A,B,1.00,13,109,0.106557,0.893443
8BBU,A,B,2.00,13,109,0.106557,0.893443
8BBU,A,B,5.00,13,109,0.106557,0.893443
8EHE,A,B,0.50,48,304,0.136364,0.863636
8EHE,A,B,1.00,48,304,0.136364,0.863636
8EHE,A,B,2.00,44,308,0.125000,0.875000
8EHE,A,B,5.00,38,314,0.107955,0.892045
8OGM,A,B,0.50,18,134,0.118421,0.881579
8OGM,A,B,1.00,18,134,0.118421,0.881579
8OGM,A,B,2.00,17,135,0.111842,0.888158
8OGM,A,B,5.00,17,135,0.111842,0.888158
8Q9Y,A,B,0.50,71,400,0.150743,0.849257
8Q9Y,A,B,1.00,71,400,0.150743,0.849257
8Q9Y,A,B,2.00,66,405,0.140127,0.859873
8Q9Y,A,B,5.00,60,411,0.127389,0.872611
9G1I,A,B,0.50,65,72,0.474453,0.525547
9G1I,A,B,1.00,65,72,0.474453,0.525547
9G1I,A,B,2.00,63,74,0.459854,0.540146
9G1I,A,B,5.00,59,78,0.430657,0.569343
9SA2,A,B,0.50,30,45,0.400000,0.600000
9SA2,A,B,1.00,30,45,0.400000,0.600000
9SA2,A,B,2.00,29,46,0.386667,0.613333
9SA2,A,B,5.00,29,46,0.386667,0.613333
9RVG,A,B,0.50,31,128,0.194969,0.805031
9RVG,A,B,1.00,31,128,0.194969,0.805031
9RVG,A,B,2.00,31,128,0.194969,0.805031
9RVG,A,B,5.00,28,131,0.176101,0.823899
2OFC,A,B,0.50,25,116,0.177305,0.822695
2OFC,A,B,1.00,25,116,0.177305,0.822695
2OFC,A,B,2.00,25,116,0.177305,0.822695
2OFC,A,B,5.00,24,117,0.170213,0.829787
2QD7,A,B,0.50,39,60,0.393939,0.606061
2QD7,A,B,1.00,39,60,0.393939,0.606061
2QD7,A,B,2.00,39,60,0.393939,0.606061
2QD7,A,B,5.00,36,63,0.363636,0.636364
3A8G,A,B,0.50,84,111,0.430769,0.569231
3A8G,A,B,1.00,84,111,0.430769,0.569231
3A8G,A,B,2.00,82,113,0.420513,0.579487
3A8G,A,B,5.00,81,114,0.415385,0.584615
4ZIP,A,B,0.50,43,56,0.434343,0.565657
4ZIP,A,B,1.00,43,56,0.434343,0.565657
4ZIP,A,B,2.00,42,57,0.424242,0.575758
4ZIP,A,B,5.00,38,61,0.383838,0.616162
5QU5,A,B,0.50,45,14,0.762712,0.237288
5QU5,A,B,1.00,45,14,0.762712,0.237288
5QU5,A,B,2.00,44,15,0.745763,0.254237
5QU5,A,B,5.00,43,16,0.728814,0.271186
5WSF,A,D,0.50,43,70,0.380531,0.619469
5WSF,A,D,1.00,43,70,0.380531,0.619469
5WSF,A,D,2.00,42,71,0.371681,0.628319
5WSF,A,D,5.00,38,75,0.336283,0.663717
6TL7,A,B,0.50,27,107,0.201493,0.798507
6TL7,A,B,1.00,27,107,0.201493,0.798507
6TL7,A,B,2.00,26,108,0.194030,0.805970
6TL7,A,B,5.00,24,110,0.179104,0.820896
7QCP,A,B,0.50,36,251,0.125436,0.874564
7QCP,A,B,1.00,36,251,0.125436,0.874564
7QCP,A,B,2.00,33,254,0.114983,0.885017
7QCP,A,B,5.00,33,254,0.114983,0.885017
7RY4,A,B,0.50,31,96,0.244094,0.755906
7RY4,A,B,1.00,31,96,0.244094,0.755906
7RY4,A,B,2.00,30,97,0.236220,0.763780
7RY4,A,B,5.00,27,100,0.212598,0.787402
8OHB,A,B,0.50,19,132,0.125828,0.874172
8OHB,A,B,1.00,19,132,0.125828,0.874172
8OHB,A,B,2.00,17,134,0.112583,0.887417
8OHB,A,B,5.00,16,135,0.105960,0.894040
9G1Q,A,B,0.50,65,72,0.474453,0.525547
9G1Q,A,B,1.00,65,72,0.474453,0.525547
9G1Q,A,B,2.00,63,74,0.459854,0.540146
9G1Q,A,B,5.00,57,80,0.416058,0.583942
9RPZ,A,B,0.50,65,72,0.474453,0.525547
9RPZ,A,B,1.00,65,72,0.474453,0.525547
9RPZ,A,B,2.00,63,74,0.459854,0.540146
9RPZ,A,B,5.00,58,79,0.423358,0.576642
3TOH,A,B,0.50,39,60,0.393939,0.606061
3TOH,A,B,1.00,39,60,0.393939,0.606061
3TOH,A,B,2.00,38,61,0.383838,0.616162
3TOH,A,B,5.00,36,63,0.363636,0.636364
4DXH,A,B,0.50,46,328,0.122995,0.877005
4DXH,A,B,1.00,46,328,0.122995,0.877005
4DXH,A,B,2.00,45,329,0.120321,0.879679
4DXH,A,B,5.00,42,332,0.112299,0.887701
4I4O,A,B,0.50,19,127,0.130137,0.869863
4I4O,A,B,1.00,19,127,0.130137,0.869863
4I4O,A,B,2.00,19,127,0.130137,0.869863
4I4O,A,B,5.00,19,127,0.130137,0.869863
4ZBD,A,B,0.50,49,170,0.223744,0.776256
4ZBD,A,B,1.00,49,170,0.223744,0.776256
4ZBD,A,B,2.00,47,172,0.214612,0.785388
4ZBD,A,B,5.00,42,177,0.191781,0.808219
5LK9,A,B,0.50,13,124,0.094891,0.905109
5LK9,A,B,1.00,13,124,0.094891,0.905109
5LK9,A,B,2.00,13,124,0.094891,0.905109
5LK9,A,B,5.00,13,124,0.094891,0.905109
5WSE,A,D,0.50,45,68,0.398230,0.601770
5WSE,A,D,1.00,45,68,0.398230,0.601770
5WSE,A,D,2.00,42,71,0.371681,0.628319
5WSE,A,D,5.00,37,76,0.327434,0.672566
6RG2,A,B,0.50,36,307,0.104956,0.895044
6RG2,A,B,1.00,36,307,0.104956,0.895044
6RG2,A,B,2.00,35,308,0.102041,0.897959
6RG2,A,B,5.00,32,311,0.093294,0.906706
7O8D,A,B,0.50,85,60,0.586207,0.413793
7O8D,A,B,1.00,85,60,0.586207,0.413793
7O8D,A,B,2.00,85,60,0.586207,0.413793
7O8D,A,B,5.00,82,63,0.565517,0.434483
8FUJ,A,B,0.50,43,56,0.434343,0.565657
8FUJ,A,B,1.00,43,56,0.434343,0.565657
8FUJ,A,B,2.00,42,57,0.424242,0.575758
8FUJ,A,B,5.00,38,61,0.383838,0.616162
8ITX,A,B,0.50,19,119,0.137681,0.862319
8ITX,A,B,1.00,19,119,0.137681,0.862319
8ITX,A,B,2.00,18,120,0.130435,0.869565
8ITX,A,B,5.00,16,122,0.115942,0.884058
9G1S,A,B,0.50,66,71,0.481752,0.518248
9G1S,A,B,1.00,66,71,0.481752,0.518248
9G1S,A,B,2.00,63,74,0.459854,0.540146
9G1S,A,B,5.00,58,79,0.423358,0.576642
9JEV,A,B,0.50,49,68,0.418803,0.581197
9JEV,A,B,1.00,49,68,0.418803,0.581197
9JEV,A,B,2.00,45,72,0.384615,0.615385
9JEV,A,B,5.00,38,79,0.324786,0.675214
9P9O,A,B,0.50,25,264,0.086505,0.913495
9P9O,A,B,1.00,25,264,0.086505,0.913495
9P9O,A,B,2.00,24,265,0.083045,0.916955
9P9O,A,B,5.00,21,268,0.072664,0.927336
9RQ5,A,B,0.50,64,73,0.467153,0.532847
9RQ5,A,B,1.00,64,73,0.467153,0.532847
9RQ5,A,B,2.00,62,75,0.452555,0.547445
9RQ5,A,B,5.00,57,80,0.416058,0.583942
7D9Z,H,L,0.50,50,157,0.241546,0.758454
7D9Z,H,L,1.00,50,157,0.241546,0.758454
7D9Z,H,L,2.00,46,161,0.222222,0.777778
7D9Z,H,L,5.00,43,164,0.207729,0.792271
3V1C,A,B,0.50,14,32,0.304348,0.695652
3V1C,A,B,1.00,14,32,0.304348,0.695652
3V1C,A,B,2.00,14,32,0.304348,0.695652
3V1C,A,B,5.00,13,33,0.282609,0.717391
1N8K,A,B,0.50,46,328,0.122995,0.877005
1N8K,A,B,1.00,46,328,0.122995,0.877005
1N8K,A,B,2.00,45,329,0.120321,0.879679
1N8K,A,B,5.00,42,332,0.112299,0.887701
1U07,A,B,0.50,25,65,0.277778,0.722222
1U07,A,B,1.00,25,65,0.277778,0.722222
1U07,A,B,2.00,23,67,0.255556,0.744444
1U07,A,B,5.00,22,68,0.244444,0.755556
1ZGX,A,B,0.50,39,24,0.619048,0.380952
1ZGX,A,B,1.00,39,24,0.619048,0.380952
1ZGX,A,B,2.00,36,27,0.571429,0.428571
1ZGX,A,B,5.00,32,31,0.507937,0.492063
4IQB,A,B,0.50,50,238,0.173611,0.826389
4IQB,A,B,1.00,50,238,0.173611,0.826389
4IQB,A,B,2.00,48,240,0.166667,0.833333
4IQB,A,B,5.00,43,245,0.149306,0.850694
4ZUR,A,B,0.50,54,287,0.158358,0.841642
4ZUR,A,B,1.00,54,287,0.158358,0.841642
4ZUR,A,B,2.00,52,289,0.152493,0.847507
4ZUR,A,B,5.00,48,293,0.140762,0.859238
5OD9,A,B,0.50,19,76,0.200000,0.800000
5OD9,A,B,1.00,19,76,0.200000,0.800000
5OD9,A,B,2.00,18,77,0.189474,0.810526
5OD9,A,B,5.00,18,77,0.189474,0.810526
6CDJ,A,B,0.50,41,58,0.414141,0.585859
6CDJ,A,B,1.00,41,58,0.414141,0.585859
6CDJ,A,B,2.00,40,59,0.404040,0.595960
6CDJ,A,B,5.00,38,61,0.383838,0.616162
6U7P,A,B,0.50,43,56,0.434343,0.565657
6U7P,A,B,1.00,43,56,0.434343,0.565657
6U7P,A,B,2.00,42,57,0.424242,0.575758
6U7P,A,B,5.00,38,61,0.383838,0.616162
6YWI,A,B,0.50,20,88,0.185185,0.814815
6YWI,A,B,1.00,20,88,0.185185,0.814815
6YWI,A,B,2.00,20,88,0.185185,0.814815
6YWI,A,B,5.00,19,89,0.175926,0.824074
7JR8,A,B,0.50,37,163,0.185000,0.815000
7JR8,A,B,1.00,37,163,0.185000,0.815000
7JR8,A,B,2.00,34,166,0.170000,0.830000
7JR8,A,B,5.00,29,171,0.145000,0.855000
7TO5,A,B,0.50,43,56,0.434343,0.565657
7TO5,A,B,1.00,43,56,0.434343,0.565657
7TO5,A,B,2.00,42,57,0.424242,0.575758
7TO5,A,B,5.00,38,61,0.383838,0.616162
7YU1,A,B,0.50,43,288,0.129909,0.870091
7YU1,A,B,1.00,43,288,0.129909,0.870091
7YU1,A,B,2.00,43,288,0.129909,0.870091
7YU1,A,B,5.00,40,291,0.120846,0.879154
8FTG,A,B,0.50,22,98,0.183333,0.816667
8FTG,A,B,1.00,22,98,0.183333,0.816667
8FTG,A,B,2.00,21,99,0.175000,0.825000
8FTG,A,B,5.00,18,102,0.150000,0.850000
9RQ1,A,B,0.50,66,71,0.481752,0.518248
9RQ1,A,B,1.00,66,71,0.481752,0.518248
9RQ1,A,B,2.00,62,75,0.452555,0.547445
9RQ1,A,B,5.00,59,78,0.430657,0.569343
9RQF,A,B,0.50,65,72,0.474453,0.525547
9RQF,A,B,1.00,65,72,0.474453,0.525547
9RQF,A,B,2.00,63,74,0.459854,0.540146
9RQF,A,B,5.00,57,80,0.416058,0.583942
8DAB,A,B,0.50,17,31,0.354167,0.645833
8DAB,A,B,1.00,17,31,0.354167,0.645833
8DAB,A,B,2.00,15,33,0.312500,0.687500
8DAB,A,B,5.00,15,33,0.312500,0.687500
1P6O,A,B,0.50,38,118,0.243590,0.756410
1P6O,A,B,1.00,38,118,0.243590,0.756410
1P6O,A,B,2.00,37,119,0.237179,0.762821
1P6O,A,B,5.00,35,121,0.224359,0.775641
1WYX,A,B,0.50,10,58,0.147059,0.852941
1WYX,A,B,1.00,10,58,0.147059,0.852941
1WYX,A,B,2.00,10,58,0.147059,0.852941
1WYX,A,B,5.00,10,58,0.147059,0.852941
3LVC,A,B,0.50,31,195,0.137168,0.862832
3LVC,A,B,1.00,31,195,0.137168,0.862832
3LVC,A,B,2.00,30,196,0.132743,0.867257
3LVC,A,B,5.00,28,198,0.123894,0.876106
3NDW,A,B,0.50,38,61,0.383838,0.616162
3NDW,A,B,1.00,38,61,0.383838,0.616162
3NDW,A,B,2.00,37,62,0.373737,0.626263
3NDW,A,B,5.00,37,62,0.373737,0.626263
3S2R,A,B,0.50,41,23,0.640625,0.359375
3S2R,A,B,1.00,41,23,0.640625,0.359375
3S2R,A,B,2.00,41,23,0.640625,0.359375
3S2R,A,B,5.00,39,25,0.609375,0.390625
4DWV,A,B,0.50,46,328,0.122995,0.877005
4DWV,A,B,1.00,46,328,0.122995,0.877005
4DWV,A,B,2.00,44,330,0.117647,0.882353
4DWV,A,B,5.00,41,333,0.109626,0.890374
5KCZ,A,B,0.50,46,328,0.122995,0.877005
5KCZ,A,B,1.00,46,328,0.122995,0.877005
5KCZ,A,B,2.00,45,329,0.120321,0.879679
5KCZ,A,B,5.00,42,332,0.112299,0.887701
5KJ6,A,B,0.50,46,328,0.122995,0.877005
5KJ6,A,B,1.00,46,328,0.122995,0.877005
5KJ6,A,B,2.00,45,329,0.120321,0.879679
5KJ6,A,B,5.00,42,332,0.112299,0.887701
5LLZ,A,B,0.50,13,124,0.094891,0.905109
5LLZ,A,B,1.00,13,124,0.094891,0.905109
5LLZ,A,B,2.00,13,124,0.094891,0.905109
5LLZ,A,B,5.00,12,125,0.087591,0.912409
5UE1,A,B,0.50,45,188,0.193133,0.806867
5UE1,A,B,1.00,45,188,0.193133,0.806867
5UE1,A,B,2.00,43,190,0.184549,0.815451
5UE1,A,B,5.00,40,193,0.171674,0.828326
6DV4,A,B,0.50,43,56,0.434343,0.565657
6DV4,A,B,1.00,43,56,0.434343,0.565657
6DV4,A,B,2.00,42,57,0.424242,0.575758
6DV4,A,B,5.00,38,61,0.383838,0.616162
6F60,A,B,0.50,11,113,0.088710,0.911290
6F60,A,B,1.00,11,113,0.088710,0.911290
6F60,A,B,2.00,11,113,0.088710,0.911290
6F60,A,B,5.00,8,116,0.064516,0.935484
6H5C,A,B,0.50,27,225,0.107143,0.892857
6H5C,A,B,1.00,27,225,0.107143,0.892857
6H5C,A,B,2.00,25,227,0.099206,0.900794
6H5C,A,B,5.00,25,227,0.099206,0.900794
6OWP,A,B,0.50,46,328,0.122995,0.877005
6OWP,A,B,1.00,46,328,0.122995,0.877005
6OWP,A,B,2.00,44,330,0.117647,0.882353
6OWP,A,B,5.00,40,334,0.106952,0.893048
7UX7,A,B,0.50,114,264,0.301587,0.698413
7UX7,A,B,1.00,114,264,0.301587,0.698413
7UX7,A,B,2.00,108,270,0.285714,0.714286
7UX7,A,B,5.00,102,276,0.269841,0.730159
8OGZ,A,B,0.50,18,133,0.119205,0.880795
8OGZ,A,B,1.00,18,133,0.119205,0.880795
8OGZ,A,B,2.00,16,135,0.105960,0.894040
8OGZ,A,B,5.00,16,135,0.105960,0.894040
9FD4,A,B,0.50,61,99,0.381250,0.618750
9FD4,A,B,1.00,61,99,0.381250,0.618750
9FD4,A,B,2.00,58,102,0.362500,0.637500
9FD4,A,B,5.00,55,105,0.343750,0.656250
9G1O,A,B,0.50,65,72,0.474453,0.525547
9G1O,A,B,1.00,65,72,0.474453,0.525547
9G1O,A,B,2.00,63,74,0.459854,0.540146
9G1O,A,B,5.00,60,77,0.437956,0.562044
9G1P,A,B,0.50,65,72,0.474453,0.525547
9G1P,A,B,1.00,65,72,0.474453,0.525547
9G1P,A,B,2.00,63,74,0.459854,0.540146
9G1P,A,B,5.00,60,77,0.437956,0.562044
9I3W,H,L,0.50,46,188,0.196581,0.803419
9I3W,H,L,1.00,46,188,0.196581,0.803419
9I3W,H,L,2.00,45,189,0.192308,0.807692
9I3W,H,L,5.00,40,194,0.170940,0.829060
7W5D,A,B,0.50,25,106,0.190840,0.809160
7W5D,A,B,1.00,25,106,0.190840,0.809160
7W5D,A,B,2.00,25,106,0.190840,0.809160
7W5D,A,B,5.00,22,109,0.167939,0.832061
5NLZ,A,B,0.50,14,124,0.101449,0.898551
5NLZ,A,B,1.00,14,124,0.101449,0.898551
5NLZ,A,B,2.00,14,124,0.101449,0.898551
5NLZ,A,B,5.00,13,125,0.094203,0.905797
7L9Q,A,B,0.50,59,167,0.261062,0.738938
7L9Q,A,B,1.00,59,167,0.261062,0.738938
7L9Q,A,B,2.00,58,168,0.256637,0.743363
7L9Q,A,B,5.00,51,175,0.225664,0.774336
1E9G,A,B,0.50,23,261,0.080986,0.919014
1E9G,A,B,1.00,23,261,0.080986,0.919014
1E9G,A,B,2.00,22,262,0.077465,0.922535
1E9G,A,B,5.00,22,262,0.077465,0.922535
1HET,A,B,0.50,47,327,0.125668,0.874332
1HET,A,B,1.00,47,327,0.125668,0.874332
1HET,A,B,2.00,46,328,0.122995,0.877005
1HET,A,B,5.00,40,334,0.106952,0.893048
1HEU,A,B,0.50,48,326,0.128342,0.871658
1HEU,A,B,1.00,48,326,0.128342,0.871658
1HEU,A,B,2.00,46,328,0.122995,0.877005
1HEU,A,B,5.00,43,331,0.114973,0.885027
1I4U,A,B,0.50,33,148,0.182320,0.817680
1I4U,A,B,1.00,33,148,0.182320,0.817680
1I4U,A,B,2.00,31,150,0.171271,0.828729
1I4U,A,B,5.00,29,152,0.160221,0.839779
1RGE,A,B,0.50,5,91,0.052083,0.947917
1RGE,A,B,1.00,5,91,0.052083,0.947917
1RGE,A,B,2.00,5,91,0.052083,0.947917
1RGE,A,B,5.00,5,91,0.052083,0.947917
1VZI,A,B,0.50,42,83,0.336000,0.664000
1VZI,A,B,1.00,42,83,0.336000,0.664000
1VZI,A,B,2.00,39,86,0.312000,0.688000
1VZI,A,B,5.00,38,87,0.304000,0.696000
2D8D,A,B,0.50,53,27,0.662500,0.337500
2D8D,A,B,1.00,53,27,0.662500,0.337500
2D8D,A,B,2.00,53,27,0.662500,0.337500
2D8D,A,B,5.00,51,29,0.637500,0.362500
2DKJ,A,B,0.50,90,312,0.223881,0.776119
2DKJ,A,B,1.00,90,312,0.223881,0.776119
2DKJ,A,B,2.00,89,313,0.221393,0.778607
2DKJ,A,B,5.00,86,316,0.213930,0.786070
2FHZ,A,B,0.50,34,72,0.320755,0.679245
2FHZ,A,B,1.00,34,72,0.320755,0.679245
2FHZ,A,B,2.00,33,73,0.311321,0.688679
2FHZ,A,B,5.00,31,75,0.292453,0.707547
2J27,A,B,0.50,36,213,0.144578,0.855422
2J27,A,B,1.00,36,213,0.144578,0.855422
2J27,A,B,2.00,36,213,0.144578,0.855422
2J27,A,B,5.00,32,217,0.128514,0.871486
2UUY,A,B,0.50,28,195,0.125561,0.874439
2UUY,A,B,1.00,28,195,0.125561,0.874439
2UUY,A,B,2.00,27,196,0.121076,0.878924
2UUY,A,B,5.00,22,201,0.098655,0.901345
2V0A,A,F,0.50,18,135,0.117647,0.882353
2V0A,A,F,1.00,18,135,0.117647,0.882353
2V0A,A,F,2.00,16,137,0.104575,0.895425
2V0A,A,F,5.00,16,137,0.104575,0.895425
3LAG,A,B,0.50,23,69,0.250000,0.750000
3LAG,A,B,1.00,23,69,0.250000,0.750000
3LAG,A,B,2.00,23,69,0.250000,0.750000
3LAG,A,B,5.00,22,70,0.239130,0.760870
3QDS,A,B,0.50,20,122,0.140845,0.859155
3QDS,A,B,1.00,20,122,0.140845,0.859155
3QDS,A,B,2.00,20,122,0.140845,0.859155
3QDS,A,B,5.00,20,122,0.140845,0.859155
3R3Y,A,B,0.50,27,269,0.091216,0.908784
3R3Y,A,B,1.00,27,269,0.091216,0.908784
3R3Y,A,B,2.00,26,270,0.087838,0.912162
3R3Y,A,B,5.00,24,272,0.081081,0.918919
3T2X,A,B,0.50,44,75,0.369748,0.630252
3T2X,A,B,1.00,44,75,0.369748,0.630252
3T2X,A,B,2.00,43,76,0.361345,0.638655
3T2X,A,B,5.00,40,79,0.336134,0.663866
4CNP,A,B,0.50,26,226,0.103175,0.896825
4CNP,A,B,1.00,26,226,0.103175,0.896825
4CNP,A,B,2.00,26,226,0.103175,0.896825
4CNP,A,B,5.00,26,226,0.103175,0.896825
4DT5,A,B,0.50,24,119,0.167832,0.832168
4DT5,A,B,1.00,24,119,0.167832,0.832168
4DT5,A,B,2.00,24,119,0.167832,0.832168
4DT5,A,B,5.00,24,119,0.167832,0.832168
4H3U,A,B,0.50,24,103,0.188976,0.811024
4H3U,A,B,1.00,24,103,0.188976,0.811024
4H3U,A,B,2.00,23,104,0.181102,0.818898
4H3U,A,B,5.00,21,106,0.165354,0.834646
4JXQ,A,B,0.50,41,139,0.227778,0.772222
4JXQ,A,B,1.00,41,139,0.227778,0.772222
4JXQ,A,B,2.00,41,139,0.227778,0.772222
4JXQ,A,B,5.00,37,143,0.205556,0.794444
4JXR,A,B,0.50,43,137,0.238889,0.761111
4JXR,A,B,1.00,43,137,0.238889,0.761111
4JXR,A,B,2.00,43,137,0.238889,0.761111
4JXR,A,B,5.00,42,138,0.233333,0.766667
4UU3,A,B,0.50,38,130,0.226190,0.773810
4UU3,A,B,1.00,38,130,0.226190,0.773810
4UU3,A,B,2.00,37,131,0.220238,0.779762
4UU3,A,B,5.00,34,134,0.202381,0.797619
4XDZ,A,B,0.50,134,194,0.408537,0.591463
4XDZ,A,B,1.00,134,194,0.408537,0.591463
4XDZ,A,B,2.00,131,197,0.399390,0.600610
4XDZ,A,B,5.00,128,200,0.390244,0.609756
5GOD,A,B,0.50,15,61,0.197368,0.802632
5GOD,A,B,1.00,15,61,0.197368,0.802632
5GOD,A,B,2.00,13,63,0.171053,0.828947
5GOD,A,B,5.00,12,64,0.157895,0.842105
5IVT,A,B,0.50,42,57,0.424242,0.575758
5IVT,A,B,1.00,42,57,0.424242,0.575758
5IVT,A,B,2.00,41,58,0.414141,0.585859
5IVT,A,B,5.00,37,62,0.373737,0.626263
5WA9,A,B,0.50,44,71,0.382609,0.617391
5WA9,A,B,1.00,44,71,0.382609,0.617391
5WA9,A,B,2.00,44,71,0.382609,0.617391
5WA9,A,B,5.00,40,75,0.347826,0.652174
6K7C,A,C,0.50,40,36,0.526316,0.473684
6K7C,A,C,1.00,40,36,0.526316,0.473684
6K7C,A,C,2.00,36,40,0.473684,0.526316
6K7C,A,C,5.00,33,43,0.434211,0.565789
6NI7,A,B,0.50,61,164,0.271111,0.728889
6NI7,A,B,1.00,61,164,0.271111,0.728889
6NI7,A,B,2.00,59,166,0.262222,0.737778
6NI7,A,B,5.00,53,172,0.235556,0.764444
6RJB,A,B,0.50,105,515,0.169355,0.830645
6RJB,A,B,1.00,105,515,0.169355,0.830645
6RJB,A,B,2.00,102,518,0.164516,0.835484
6RJB,A,B,5.00,88,532,0.141935,0.858065
6UCY,A,B,0.50,33,96,0.255814,0.744186
6UCY,A,B,1.00,33,96,0.255814,0.744186
6UCY,A,B,2.00,30,99,0.232558,0.767442
6UCY,A,B,5.00,27,102,0.209302,0.790698
6VI2,A,B,0.50,61,154,0.283721,0.716279
6VI2,A,B,1.00,61,154,0.283721,0.716279
6VI2,A,B,2.00,58,157,0.269767,0.730233
6VI2,A,B,5.00,56,159,0.260465,0.739535
7CN7,A,C,0.50,26,152,0.146067,0.853933
7CN7,A,C,1.00,26,152,0.146067,0.853933
7CN7,A,C,2.00,24,154,0.134831,0.865169
7CN7,A,C,5.00,21,157,0.117978,0.882022
7EJQ,A,B,0.50,22,93,0.191304,0.808696
7EJQ,A,B,1.00,22,93,0.191304,0.808696
7EJQ,A,B,2.00,22,93,0.191304,0.808696
7EJQ,A,B,5.00,22,93,0.191304,0.808696
7LBH,A,B,0.50,59,167,0.261062,0.738938
7LBH,A,B,1.00,59,167,0.261062,0.738938
7LBH,A,B,2.00,57,169,0.252212,0.747788
7LBH,A,B,5.00,52,174,0.230088,0.769912
7OQI,A,B,0.50,52,202,0.204724,0.795276
7OQI,A,B,1.00,52,202,0.204724,0.795276
7OQI,A,B,2.00,51,203,0.200787,0.799213
7OQI,A,B,5.00,46,208,0.181102,0.818898
7SAK,A,B,0.50,23,202,0.102222,0.897778
7SAK,A,B,1.00,23,202,0.102222,0.897778
7SAK,A,B,2.00,23,202,0.102222,0.897778
7SAK,A,B,5.00,22,203,0.097778,0.902222
7W4Z,A,B,0.50,51,311,0.140884,0.859116
7W4Z,A,B,1.00,51,311,0.140884,0.859116
7W4Z,A,B,2.00,49,313,0.135359,0.864641
7W4Z,A,B,5.00,43,319,0.118785,0.881215
7W50,A,B,0.50,51,312,0.140496,0.859504
7W50,A,B,1.00,51,312,0.140496,0.859504
7W50,A,B,2.00,47,316,0.129477,0.870523
7W50,A,B,5.00,44,319,0.121212,0.878788
7W70,A,B,0.50,18,69,0.206897,0.793103
7W70,A,B,1.00,18,69,0.206897,0.793103
7W70,A,B,2.00,17,70,0.195402,0.804598
7W70,A,B,5.00,15,72,0.172414,0.827586
8BCJ,A,B,0.50,44,204,0.177419,0.822581
8BCJ,A,B,1.00,44,204,0.177419,0.822581
8BCJ,A,B,2.00,43,205,0.173387,0.826613
8BCJ,A,B,5.00,40,208,0.161290,0.838710
8HJX,A,B,0.50,47,70,0.401709,0.598291
8HJX,A,B,1.00,47,70,0.401709,0.598291
8HJX,A,B,2.00,46,71,0.393162,0.606838
8HJX,A,B,5.00,40,77,0.341880,0.658120
8OHE,A,B,0.50,19,131,0.126667,0.873333
8OHE,A,B,1.00,19,131,0.126667,0.873333
8OHE,A,B,2.00,18,132,0.120000,0.880000
8OHE,A,B,5.00,18,132,0.120000,0.880000
8QYG,A,B,0.50,91,130,0.411765,0.588235
8QYG,A,B,1.00,91,130,0.411765,0.588235
8QYG,A,B,2.00,91,130,0.411765,0.588235
8QYG,A,B,5.00,86,135,0.389140,0.610860
8SVI,A,B,0.50,17,102,0.142857,0.857143
8SVI,A,B,1.00,17,102,0.142857,0.857143
8SVI,A,B,2.00,16,103,0.134454,0.865546
8SVI,A,B,5.00,13,106,0.109244,0.890756
9DT7,A,B,0.50,91,113,0.446078,0.553922
9DT7,A,B,1.00,91,113,0.446078,0.553922
9DT7,A,B,2.00,89,115,0.436275,0.563725
9DT7,A,B,5.00,81,123,0.397059,0.602941
9DT8,A,B,0.50,88,110,0.444444,0.555556
9DT8,A,B,1.00,88,110,0.444444,0.555556
9DT8,A,B,2.00,87,111,0.439394,0.560606
9DT8,A,B,5.00,81,117,0.409091,0.590909
9MXY,A,B,0.50,62,165,0.273128,0.726872
9MXY,A,B,1.00,62,165,0.273128,0.726872
9MXY,A,B,2.00,57,170,0.251101,0.748899
9MXY,A,B,5.00,52,175,0.229075,0.770925
9RQ9,A,B,0.50,66,71,0.481752,0.518248
9RQ9,A,B,1.00,66,71,0.481752,0.518248
9RQ9,A,B,2.00,62,75,0.452555,0.547445
9RQ9,A,B,5.00,59,78,0.430657,0.569343
9RQC,A,B,0.50,65,72,0.474453,0.525547
9RQC,A,B,1.00,65,72,0.474453,0.525547
9RQC,A,B,2.00,62,75,0.452555,0.547445
9RQC,A,B,5.00,60,77,0.437956,0.562044
9RQH,A,B,0.50,65,72,0.474453,0.525547
9RQH,A,B,1.00,65,72,0.474453,0.525547
9RQH,A,B,2.00,63,74,0.459854,0.540146
9RQH,A,B,5.00,59,78,0.430657,0.569343
9SJP,A,B,0.50,30,163,0.155440,0.844560
9SJP,A,B,1.00,30,163,0.155440,0.844560
9SJP,A,B,2.00,29,164,0.150259,0.849741
9SJP,A,B,5.00,27,166,0.139896,0.860104
3V1F,A,B,0.50,15,29,0.340909,0.659091
3V1F,A,B,1.00,15,29,0.340909,0.659091
3V1F,A,B,2.00,14,30,0.318182,0.681818
3V1F,A,B,5.00,13,31,0.295455,0.704545
6CPB,A,B,0.50,44,91,0.325926,0.674074
6CPB,A,B,1.00,44,91,0.325926,0.674074
6CPB,A,B,2.00,43,92,0.318519,0.681481
6CPB,A,B,5.00,38,97,0.281481,0.718519
1TZB,A,B,0.50,75,226,0.249169,0.750831
1TZB,A,B,1.00,75,226,0.249169,0.750831
1TZB,A,B,2.00,72,229,0.239203,0.760797
1TZB,A,B,5.00,67,234,0.222591,0.777409
1X9I,A,B,0.50,76,224,0.253333,0.746667
1X9I,A,B,1.00,76,224,0.253333,0.746667
1X9I,A,B,2.00,72,228,0.240000,0.760000
1X9I,A,B,5.00,68,232,0.226667,0.773333
2VH3,A,B,0.50,27,83,0.245455,0.754545
2VH3,A,B,1.00,27,83,0.245455,0.754545
2VH3,A,B,2.00,26,84,0.236364,0.763636
2VH3,A,B,5.00,22,88,0.200000,0.800000
3AWU,A,B,0.50,35,243,0.125899,0.874101
3AWU,A,B,1.00,35,243,0.125899,0.874101
3AWU,A,B,2.00,33,245,0.118705,0.881295
3AWU,A,B,5.00,31,247,0.111511,0.888489
3NU6,A,B,0.50,41,58,0.414141,0.585859
3NU6,A,B,1.00,41,58,0.414141,0.585859
3NU6,A,B,2.00,41,58,0.414141,0.585859
3NU6,A,B,5.00,38,61,0.383838,0.616162
3OT1,A,B,0.50,32,162,0.164948,0.835052
3OT1,A,B,1.00,32,162,0.164948,0.835052
3OT1,A,B,2.00,32,162,0.164948,0.835052
3OT1,A,B,5.00,31,163,0.159794,0.840206
3OXC,A,B,0.50,41,58,0.414141,0.585859
3OXC,A,B,1.00,41,58,0.414141,0.585859
3OXC,A,B,2.00,40,59,0.404040,0.595960
3OXC,A,B,5.00,36,63,0.363636,0.636364
5JG1,A,B,0.50,41,58,0.414141,0.585859
5JG1,A,B,1.00,41,58,0.414141,0.585859
5JG1,A,B,2.00,41,58,0.414141,0.585859
5JG1,A,B,5.00,38,61,0.383838,0.616162
5Z0D,A,B,0.50,36,240,0.130435,0.869565
5Z0D,A,B,1.00,36,240,0.130435,0.869565
5Z0D,A,B,2.00,33,243,0.119565,0.880435
5Z0D,A,B,5.00,32,244,0.115942,0.884058
5Z0E,A,B,0.50,34,239,0.124542,0.875458
5Z0E,A,B,1.00,34,239,0.124542,0.875458
5Z0E,A,B,2.00,32,241,0.117216,0.882784
5Z0E,A,B,5.00,29,244,0.106227,0.893773
5Z0F,A,B,0.50,31,248,0.111111,0.888889
5Z0F,A,B,1.00,31,248,0.111111,0.888889
5Z0F,A,B,2.00,30,249,0.107527,0.892473
5Z0F,A,B,5.00,26,253,0.093190,0.906810
7RXF,A,B,0.50,30,98,0.234375,0.765625
7RXF,A,B,1.00,30,98,0.234375,0.765625
7RXF,A,B,2.00,30,98,0.234375,0.765625
7RXF,A,B,5.00,28,100,0.218750,0.781250
7V4Z,A,C,0.50,22,122,0.152778,0.847222
7V4Z,A,C,1.00,22,122,0.152778,0.847222
7V4Z,A,C,2.00,22,122,0.152778,0.847222
7V4Z,A,C,5.00,20,124,0.138889,0.861111
7V5P,A,B,0.50,66,87,0.431373,0.568627
7V5P,A,B,1.00,66,87,0.431373,0.568627
7V5P,A,B,2.00,66,87,0.431373,0.568627
7V5P,A,B,5.00,62,91,0.405229,0.594771
8QZB,A,B,0.50,61,247,0.198052,0.801948
8QZB,A,B,1.00,61,247,0.198052,0.801948
8QZB,A,B,2.00,59,249,0.191558,0.808442
8QZB,A,B,5.00,55,253,0.178571,0.821429
8SVH,A,B,0.50,17,102,0.142857,0.857143
8SVH,A,B,1.00,17,102,0.142857,0.857143
8SVH,A,B,2.00,16,103,0.134454,0.865546
8SVH,A,B,5.00,12,107,0.100840,0.899160
9RPY,A,B,0.50,65,72,0.474453,0.525547
9RPY,A,B,1.00,65,72,0.474453,0.525547
9RPY,A,B,2.00,62,75,0.452555,0.547445
9RPY,A,B,5.00,58,79,0.423358,0.576642
9RQ8,A,B,0.50,65,72,0.474453,0.525547
9RQ8,A,B,1.00,65,72,0.474453,0.525547
9RQ8,A,B,2.00,63,74,0.459854,0.540146
9RQ8,A,B,5.00,59,78,0.430657,0.569343
9RQA,A,B,0.50,65,72,0.474453,0.525547
9RQA,A,B,1.00,65,72,0.474453,0.525547
9RQA,A,B,2.00,63,74,0.459854,0.540146
9RQA,A,B,5.00,58,79,0.423358,0.576642
9RQE,A,B,0.50,66,71,0.481752,0.518248
9RQE,A,B,1.00,66,71,0.481752,0.518248
9RQE,A,B,2.00,63,74,0.459854,0.540146
9RQE,A,B,5.00,61,76,0.445255,0.554745
9RQG,A,B,0.50,65,72,0.474453,0.525547
9RQG,A,B,1.00,65,72,0.474453,0.525547
9RQG,A,B,2.00,63,74,0.459854,0.540146
9RQG,A,B,5.00,58,79,0.423358,0.576642
1C9O,A,B,0.50,15,51,0.227273,0.772727
1C9O,A,B,1.00,15,51,0.227273,0.772727
1C9O,A,B,2.00,14,52,0.212121,0.787879
1C9O,A,B,5.00,13,53,0.196970,0.803030
1WKQ,A,B,0.50,91,67,0.575949,0.424051
1WKQ,A,B,1.00,91,67,0.575949,0.424051
1WKQ,A,B,2.00,91,67,0.575949,0.424051
1WKQ,A,B,5.00,86,72,0.544304,0.455696
3F1P,A,B,0.50,28,86,0.245614,0.754386
3F1P,A,B,1.00,28,86,0.245614,0.754386
3F1P,A,B,2.00,28,86,0.245614,0.754386
3F1P,A,B,5.00,26,88,0.228070,0.771930
3I6O,A,B,0.50,42,57,0.424242,0.575758
3I6O,A,B,1.00,42,57,0.424242,0.575758
3I6O,A,B,2.00,41,58,0.414141,0.585859
3I6O,A,B,5.00,37,62,0.373737,0.626263
3OND,A,B,0.50,87,400,0.178645,0.821355
3OND,A,B,1.00,87,400,0.178645,0.821355
3OND,A,B,2.00,87,400,0.178645,0.821355
3OND,A,B,5.00,83,404,0.170431,0.829569
4TLJ,A,B,0.50,15,147,0.092593,0.907407
4TLJ,A,B,1.00,15,147,0.092593,0.907407
4TLJ,A,B,2.00,15,147,0.092593,0.907407
4TLJ,A,B,5.00,15,147,0.092593,0.907407
5YKZ,A,B,0.50,31,81,0.276786,0.723214
5YKZ,A,B,1.00,31,81,0.276786,0.723214
5YKZ,A,B,2.00,31,81,0.276786,0.723214
5YKZ,A,B,5.00,30,82,0.267857,0.732143
5Z0L,A,B,0.50,31,245,0.112319,0.887681
5Z0L,A,B,1.00,31,245,0.112319,0.887681
5Z0L,A,B,2.00,28,248,0.101449,0.898551
5Z0L,A,B,5.00,25,251,0.090580,0.909420
6ENN,A,B,0.50,52,52,0.500000,0.500000
6ENN,A,B,1.00,52,52,0.500000,0.500000
6ENN,A,B,2.00,50,54,0.480769,0.519231
6ENN,A,B,5.00,46,58,0.442308,0.557692
6SJ3,A,B,0.50,88,406,0.178138,0.821862
6SJ3,A,B,1.00,88,406,0.178138,0.821862
6SJ3,A,B,2.00,82,412,0.165992,0.834008
6SJ3,A,B,5.00,76,418,0.153846,0.846154
7O93,A,B,0.50,85,60,0.586207,0.413793
7O93,A,B,1.00,85,60,0.586207,0.413793
7O93,A,B,2.00,83,62,0.572414,0.427586
7O93,A,B,5.00,81,64,0.558621,0.441379
8OGW,A,B,0.50,19,131,0.126667,0.873333
8OGW,A,B,1.00,19,131,0.126667,0.873333
8OGW,A,B,2.00,18,132,0.120000,0.880000
8OGW,A,B,5.00,18,132,0.120000,0.880000
8OHC,A,B,0.50,19,132,0.125828,0.874172
8OHC,A,B,1.00,19,132,0.125828,0.874172
8OHC,A,B,2.00,18,133,0.119205,0.880795
8OHC,A,B,5.00,18,133,0.119205,0.880795
8YQK,A,C,0.50,15,94,0.137615,0.862385
8YQK,A,C,1.00,15,94,0.137615,0.862385
8YQK,A,C,2.00,14,95,0.128440,0.871560
8YQK,A,C,5.00,14,95,0.128440,0.871560
9EWR,A,B,0.50,14,243,0.054475,0.945525
9EWR,A,B,1.00,14,243,0.054475,0.945525
9EWR,A,B,2.00,12,245,0.046693,0.953307
9EWR,A,B,5.00,11,246,0.042802,0.957198
9RQD,A,B,0.50,66,71,0.481752,0.518248
9RQD,A,B,1.00,66,71,0.481752,0.518248
9RQD,A,B,2.00,63,74,0.459854,0.540146
9RQD,A,B,5.00,60,77,0.437956,0.562044
5W8Q,A,B,0.50,59,320,0.155673,0.844327
5W8Q,A,B,1.00,59,320,0.155673,0.844327
5W8Q,A,B,2.00,57,322,0.150396,0.849604
5W8Q,A,B,5.00,49,330,0.129288,0.870712
5F6R,A,B,0.50,41,132,0.236994,0.763006
5F6R,A,B,1.00,41,132,0.236994,0.763006
5F6R,A,B,2.00,40,133,0.231214,0.768786
5F6R,A,B,5.00,37,136,0.213873,0.786127
5M4Z,A,B,0.50,51,236,0.177700,0.822300
5M4Z,A,B,1.00,51,236,0.177700,0.822300
5M4Z,A,B,2.00,47,240,0.163763,0.836237
5M4Z,A,B,5.00,43,244,0.149826,0.850174
1UBK,L,S,0.50,93,441,0.174157,0.825843
1UBK,L,S,1.00,93,441,0.174157,0.825843
1UBK,L,S,2.00,88,446,0.164794,0.835206
1UBK,L,S,5.00,78,456,0.146067,0.853933
3EC0,A,B,0.50,41,58,0.414141,0.585859
3EC0,A,B,1.00,41,58,0.414141,0.585859
3EC0,A,B,2.00,40,59,0.404040,0.595960
3EC0,A,B,5.00,37,62,0.373737,0.626263
3ECG,A,B,0.50,41,58,0.414141,0.585859
3ECG,A,B,1.00,41,58,0.414141,0.585859
3ECG,A,B,2.00,40,59,0.404040,0.595960
3ECG,A,B,5.00,37,62,0.373737,0.626263
3WVD,A,B,0.50,84,110,0.432990,0.567010
3WVD,A,B,1.00,84,110,0.432990,0.567010
3WVD,A,B,2.00,83,111,0.427835,0.572165
3WVD,A,B,5.00,79,115,0.407216,0.592784
3X20,A,B,0.50,84,111,0.430769,0.569231
3X20,A,B,1.00,84,111,0.430769,0.569231
3X20,A,B,2.00,82,113,0.420513,0.579487
3X20,A,B,5.00,79,116,0.405128,0.594872
3ZIT,A,B,0.50,11,63,0.148649,0.851351
3ZIT,A,B,1.00,11,63,0.148649,0.851351
3ZIT,A,B,2.00,10,64,0.135135,0.864865
3ZIT,A,B,5.00,10,64,0.135135,0.864865
5K91,A,B,0.50,26,148,0.149425,0.850575
5K91,A,B,1.00,26,148,0.149425,0.850575
5K91,A,B,2.00,24,150,0.137931,0.862069
5K91,A,B,5.00,24,150,0.137931,0.862069
5V6J,A,B,0.50,30,81,0.270270,0.729730
5V6J,A,B,1.00,30,81,0.270270,0.729730
5V6J,A,B,2.00,29,82,0.261261,0.738739
5V6J,A,B,5.00,26,85,0.234234,0.765766
5Z0H,A,B,0.50,31,242,0.113553,0.886447
5Z0H,A,B,1.00,31,242,0.113553,0.886447
5Z0H,A,B,2.00,29,244,0.106227,0.893773
5Z0H,A,B,5.00,26,247,0.095238,0.904762
6VCE,A,B,0.50,43,56,0.434343,0.565657
6VCE,A,B,1.00,43,56,0.434343,0.565657
6VCE,A,B,2.00,42,57,0.424242,0.575758
6VCE,A,B,5.00,39,60,0.393939,0.606061
7PH1,E,I,0.50,24,199,0.107623,0.892377
7PH1,E,I,1.00,24,199,0.107623,0.892377
7PH1,E,I,2.00,22,201,0.098655,0.901345
7PH1,E,I,5.00,17,206,0.076233,0.923767
8HJY,A,B,0.50,47,71,0.398305,0.601695
8HJY,A,B,1.00,47,71,0.398305,0.601695
8HJY,A,B,2.00,46,72,0.389831,0.610169
8HJY,A,B,5.00,40,78,0.338983,0.661017
8OGK,A,B,0.50,17,135,0.111842,0.888158
8OGK,A,B,1.00,17,135,0.111842,0.888158
8OGK,A,B,2.00,17,135,0.111842,0.888158
8OGK,A,B,5.00,16,136,0.105263,0.894737
8PB3,A,B,0.50,19,291,0.061290,0.938710
8PB3,A,B,1.00,19,291,0.061290,0.938710
8PB3,A,B,2.00,19,291,0.061290,0.938710
8PB3,A,B,5.00,15,295,0.048387,0.951613
9F0N,A,B,0.50,13,291,0.042763,0.957237
9F0N,A,B,1.00,13,291,0.042763,0.957237
9F0N,A,B,2.00,13,291,0.042763,0.957237
9F0N,A,B,5.00,10,294,0.032895,0.967105
9G1M,A,B,0.50,65,72,0.474453,0.525547
9G1M,A,B,1.00,65,72,0.474453,0.525547
9G1M,A,B,2.00,64,73,0.467153,0.532847
9G1M,A,B,5.00,60,77,0.437956,0.562044
9I43,H,L,0.50,45,190,0.191489,0.808511
9I43,H,L,1.00,45,190,0.191489,0.808511
9I43,H,L,2.00,44,191,0.187234,0.812766
9I43,H,L,5.00,39,196,0.165957,0.834043
9QD6,A,B,0.50,98,298,0.247475,0.752525
9QD6,A,B,1.00,98,298,0.247475,0.752525
9QD6,A,B,2.00,93,303,0.234848,0.765152
9QD6,A,B,5.00,83,313,0.209596,0.790404
9RQ4,A,B,0.50,65,72,0.474453,0.525547
9RQ4,A,B,1.00,65,72,0.474453,0.525547
9RQ4,A,B,2.00,63,74,0.459854,0.540146
9RQ4,A,B,5.00,57,80,0.416058,0.583942
9RQ7,A,B,0.50,66,71,0.481752,0.518248
9RQ7,A,B,1.00,66,71,0.481752,0.518248
9RQ7,A,B,2.00,62,75,0.452555,0.547445
9RQ7,A,B,5.00,58,79,0.423358,0.576642
8GV1,A,B,0.50,39,175,0.182243,0.817757
8GV1,A,B,1.00,39,175,0.182243,0.817757
8GV1,A,B,2.00,38,176,0.177570,0.822430
8GV1,A,B,5.00,37,177,0.172897,0.827103
1LQP,A,B,0.50,64,70,0.477612,0.522388
1LQP,A,B,1.00,64,70,0.477612,0.522388
1LQP,A,B,2.00,64,70,0.477612,0.522388
1LQP,A,B,5.00,60,74,0.447761,0.552239
1UWK,A,B,0.50,81,473,0.146209,0.853791
1UWK,A,B,1.00,81,473,0.146209,0.853791
1UWK,A,B,2.00,78,476,0.140794,0.859206
1UWK,A,B,5.00,69,485,0.124549,0.875451
4EZF,A,B,0.50,45,31,0.592105,0.407895
4EZF,A,B,1.00,45,31,0.592105,0.407895
4EZF,A,B,2.00,45,31,0.592105,0.407895
4EZF,A,B,5.00,43,33,0.565789,0.434211
4INC,A,B,0.50,45,56,0.445545,0.554455
4INC,A,B,1.00,45,56,0.445545,0.554455
4INC,A,B,2.00,45,56,0.445545,0.554455
4INC,A,B,5.00,41,60,0.405941,0.594059
4LLD,A,B,0.50,30,69,0.303030,0.696970
4LLD,A,B,1.00,30,69,0.303030,0.696970
4LLD,A,B,2.00,28,71,0.282828,0.717172
4LLD,A,B,5.00,24,75,0.242424,0.757576
4MC9,A,B,0.50,41,58,0.414141,0.585859
4MC9,A,B,1.00,41,58,0.414141,0.585859
4MC9,A,B,2.00,40,59,0.404040,0.595960
4MC9,A,B,5.00,39,60,0.393939,0.606061
4RLZ,A,B,0.50,59,247,0.192810,0.807190
4RLZ,A,B,1.00,59,247,0.192810,0.807190
4RLZ,A,B,2.00,56,250,0.183007,0.816993
4RLZ,A,B,5.00,51,255,0.166667,0.833333
4YEP,A,B,0.50,20,165,0.108108,0.891892
4YEP,A,B,1.00,20,165,0.108108,0.891892
4YEP,A,B,2.00,19,166,0.102703,0.897297
4YEP,A,B,5.00,16,169,0.086486,0.913514
5X86,A,B,0.50,25,163,0.132979,0.867021
5X86,A,B,1.00,25,163,0.132979,0.867021
5X86,A,B,2.00,24,164,0.127660,0.872340
5X86,A,B,5.00,23,165,0.122340,0.877660
5ZB0,A,B,0.50,26,161,0.139037,0.860963
5ZB0,A,B,1.00,26,161,0.139037,0.860963
5ZB0,A,B,2.00,25,162,0.133690,0.866310
5ZB0,A,B,5.00,25,162,0.133690,0.866310
6S95,A,B,0.50,21,81,0.205882,0.794118
6S95,A,B,1.00,21,81,0.205882,0.794118
6S95,A,B,2.00,21,81,0.205882,0.794118
6S95,A,B,5.00,19,83,0.186275,0.813725
8DAC,A,B,0.50,13,43,0.232143,0.767857
8DAC,A,B,1.00,13,43,0.232143,0.767857
8DAC,A,B,2.00,13,43,0.232143,0.767857
8DAC,A,B,5.00,13,43,0.232143,0.767857
8E7U,A,B,0.50,47,327,0.125668,0.874332
8E7U,A,B,1.00,47,327,0.125668,0.874332
8E7U,A,B,2.00,45,329,0.120321,0.879679
8E7U,A,B,5.00,41,333,0.109626,0.890374
9JET,A,B,0.50,49,68,0.418803,0.581197
9JET,A,B,1.00,49,68,0.418803,0.581197
9JET,A,B,2.00,45,72,0.384615,0.615385
9JET,A,B,5.00,39,78,0.333333,0.666667
9JEU,A,B,0.50,49,68,0.418803,0.581197
9JEU,A,B,1.00,49,68,0.418803,0.581197
9JEU,A,B,2.00,45,72,0.384615,0.615385
9JEU,A,B,5.00,41,76,0.350427,0.649573
5J41,A,B,0.50,35,174,0.167464,0.832536
5J41,A,B,1.00,35,174,0.167464,0.832536
5J41,A,B,2.00,35,174,0.167464,0.832536
5J41,A,B,5.00,32,177,0.153110,0.846890
6L2D,A,B,0.50,49,68,0.418803,0.581197
6L2D,A,B,1.00,49,68,0.418803,0.581197
6L2D,A,B,2.00,45,72,0.384615,0.615385
6L2D,A,B,5.00,40,77,0.341880,0.658120
6HER,A,B,0.50,19,84,0.184466,0.815534
6HER,A,B,1.00,19,84,0.184466,0.815534
6HER,A,B,2.00,18,85,0.174757,0.825243
6HER,A,B,5.00,18,85,0.174757,0.825243
6RUC,A,B,0.50,82,201,0.289753,0.710247
6RUC,A,B,1.00,82,201,0.289753,0.710247
6RUC,A,B,2.00,82,201,0.289753,0.710247
6RUC,A,B,5.00,79,204,0.279152,0.720848
7L9W,A,B,0.50,60,166,0.265487,0.734513
7L9W,A,B,1.00,60,166,0.265487,0.734513
7L9W,A,B,2.00,58,168,0.256637,0.743363
7L9W,A,B,5.00,52,174,0.230088,0.769912
7NZA,A,B,0.50,49,92,0.347518,0.652482
7NZA,A,B,1.00,49,92,0.347518,0.652482
7NZA,A,B,2.00,47,94,0.333333,0.666667
7NZA,A,B,5.00,44,97,0.312057,0.687943
1CKU,A,B,0.50,17,68,0.200000,0.800000
1CKU,A,B,1.00,17,68,0.200000,0.800000
1CKU,A,B,2.00,14,71,0.164706,0.835294
1CKU,A,B,5.00,14,71,0.164706,0.835294
1CSE,E,I,0.50,29,245,0.105839,0.894161
1CSE,E,I,1.00,29,245,0.105839,0.894161
1CSE,E,I,2.00,29,245,0.105839,0.894161
1CSE,E,I,5.00,24,250,0.087591,0.912409
1DJT,A,B,0.50,15,49,0.234375,0.765625
1DJT,A,B,1.00,15,49,0.234375,0.765625
1DJT,A,B,2.00,15,49,0.234375,0.765625
1DJT,A,B,5.00,13,51,0.203125,0.796875
1GYO,A,B,0.50,15,91,0.141509,0.858491
1GYO,A,B,1.00,15,91,0.141509,0.858491
1GYO,A,B,2.00,15,91,0.141509,0.858491
1GYO,A,B,5.00,14,92,0.132075,0.867925
1K1T,A,B,0.50,39,60,0.393939,0.606061
1K1T,A,B,1.00,39,60,0.393939,0.606061
1K1T,A,B,2.00,38,61,0.383838,0.616162
1K1T,A,B,5.00,35,64,0.353535,0.646465
1MGO,A,B,0.50,48,326,0.128342,0.871658
1MGO,A,B,1.00,48,326,0.128342,0.871658
1MGO,A,B,2.00,47,327,0.125668,0.874332
1MGO,A,B,5.00,41,333,0.109626,0.890374
1NEY,A,B,0.50,42,204,0.170732,0.829268
1NEY,A,B,1.00,42,204,0.170732,0.829268
1NEY,A,B,2.00,39,207,0.158537,0.841463
1NEY,A,B,5.00,36,210,0.146341,0.853659
1NWW,A,B,0.50,38,107,0.262069,0.737931
1NWW,A,B,1.00,38,107,0.262069,0.737931
1NWW,A,B,2.00,36,109,0.248276,0.751724
1NWW,A,B,5.00,35,110,0.241379,0.758621
1RGF,A,B,0.50,5,91,0.052083,0.947917
1RGF,A,B,1.00,5,91,0.052083,0.947917
1RGF,A,B,2.00,5,91,0.052083,0.947917
1RGF,A,B,5.00,5,91,0.052083,0.947917
1RGG,A,B,0.50,5,91,0.052083,0.947917
1RGG,A,B,1.00,5,91,0.052083,0.947917
1RGG,A,B,2.00,5,91,0.052083,0.947917
1RGG,A,B,5.00,5,91,0.052083,0.947917
1RGH,A,B,0.50,5,91,0.052083,0.947917
1RGH,A,B,1.00,5,91,0.052083,0.947917
1RGH,A,B,2.00,5,91,0.052083,0.947917
1RGH,A,B,5.00,5,91,0.052083,0.947917
1T3R,A,B,0.50,40,59,0.404040,0.595960
1T3R,A,B,1.00,40,59,0.404040,0.595960
1T3R,A,B,2.00,40,59,0.404040,0.595960
1T3R,A,B,5.00,35,64,0.353535,0.646465
1UBL,L,S,0.50,93,441,0.174157,0.825843
1UBL,L,S,1.00,93,441,0.174157,0.825843
1UBL,L,S,2.00,89,445,0.166667,0.833333
1UBL,L,S,5.00,80,454,0.149813,0.850187
1UCR,A,B,0.50,22,52,0.297297,0.702703
1UCR,A,B,1.00,22,52,0.297297,0.702703
1UCR,A,B,2.00,22,52,0.297297,0.702703
1UCR,A,B,5.00,22,52,0.297297,0.702703
1V8H,A,B,0.50,21,85,0.198113,0.801887
1V8H,A,B,1.00,21,85,0.198113,0.801887
1V8H,A,B,2.00,21,85,0.198113,0.801887
1V8H,A,B,5.00,19,87,0.179245,0.820755
1VR7,A,B,0.50,39,80,0.327731,0.672269
1VR7,A,B,1.00,39,80,0.327731,0.672269
1VR7,A,B,2.00,35,84,0.294118,0.705882
1VR7,A,B,5.00,35,84,0.294118,0.705882
1WXC,A,B,0.50,32,241,0.117216,0.882784
1WXC,A,B,1.00,32,241,0.117216,0.882784
1WXC,A,B,2.00,30,243,0.109890,0.890110
1WXC,A,B,5.00,29,244,0.106227,0.893773
1X6I,A,B,0.50,25,64,0.280899,0.719101
1X6I,A,B,1.00,25,64,0.280899,0.719101
1X6I,A,B,2.00,25,64,0.280899,0.719101
1X6I,A,B,5.00,24,65,0.269663,0.730337
2A26,A,B,0.50,19,29,0.395833,0.604167
2A26,A,B,1.00,19,29,0.395833,0.604167
2A26,A,B,2.00,19,29,0.395833,0.604167
2A26,A,B,5.00,18,30,0.375000,0.625000
2C0R,A,B,0.50,66,295,0.182825,0.817175
2C0R,A,B,1.00,66,295,0.182825,0.817175
2C0R,A,B,2.00,65,296,0.180055,0.819945
2C0R,A,B,5.00,62,299,0.171745,0.828255
2C1V,A,B,0.50,43,292,0.128358,0.871642
2C1V,A,B,1.00,43,292,0.128358,0.871642
2C1V,A,B,2.00,43,292,0.128358,0.871642
2C1V,A,B,5.00,42,293,0.125373,0.874627
2DLB,A,B,0.50,53,16,0.768116,0.231884
2DLB,A,B,1.00,53,16,0.768116,0.231884
2DLB,A,B,2.00,53,16,0.768116,0.231884
2DLB,A,B,5.00,53,16,0.768116,0.231884
2F91,A,B,0.50,37,200,0.156118,0.843882
2F91,A,B,1.00,37,200,0.156118,0.843882
2F91,A,B,2.00,31,206,0.130802,0.869198
2F91,A,B,5.00,28,209,0.118143,0.881857
2G2S,A,B,0.50,48,16,0.750000,0.250000
2G2S,A,B,1.00,48,16,0.750000,0.250000
2G2S,A,B,2.00,48,16,0.750000,0.250000
2G2S,A,B,5.00,48,16,0.750000,0.250000
2I7D,A,B,0.50,27,166,0.139896,0.860104
2I7D,A,B,1.00,27,166,0.139896,0.860104
2I7D,A,B,2.00,25,168,0.129534,0.870466
2I7D,A,B,5.00,25,168,0.129534,0.870466
2J9K,A,B,0.50,39,55,0.414894,0.585106
2J9K,A,B,1.00,39,55,0.414894,0.585106
2J9K,A,B,2.00,39,55,0.414894,0.585106
2J9K,A,B,5.00,36,58,0.382979,0.617021
2JHG,A,B,0.50,48,326,0.128342,0.871658
2JHG,A,B,1.00,48,326,0.128342,0.871658
2JHG,A,B,2.00,47,327,0.125668,0.874332
2JHG,A,B,5.00,44,330,0.117647,0.882353
2NNP,A,B,0.50,41,58,0.414141,0.585859
2NNP,A,B,1.00,41,58,0.414141,0.585859
2NNP,A,B,2.00,39,60,0.393939,0.606061
2NNP,A,B,5.00,37,62,0.373737,0.626263
2OR3,A,B,0.50,34,153,0.181818,0.818182
2OR3,A,B,1.00,34,153,0.181818,0.818182
2OR3,A,B,2.00,34,153,0.181818,0.818182
2OR3,A,B,5.00,29,158,0.155080,0.844920
2QCI,A,B,0.50,43,56,0.434343,0.565657
2QCI,A,B,1.00,43,56,0.434343,0.565657
2QCI,A,B,2.00,42,57,0.424242,0.575758
2QCI,A,B,5.00,40,59,0.404040,0.595960
2ZFD,A,B,0.50,49,134,0.267760,0.732240
2ZFD,A,B,1.00,49,134,0.267760,0.732240
2ZFD,A,B,2.00,49,134,0.267760,0.732240
2ZFD,A,B,5.00,44,139,0.240437,0.759563
3A6R,A,B,0.50,32,90,0.262295,0.737705
3A6R,A,B,1.00,32,90,0.262295,0.737705
3A6R,A,B,2.00,32,90,0.262295,0.737705
3A6R,A,B,5.00,27,95,0.221311,0.778689
3B12,A,B,0.50,26,268,0.088435,0.911565
3B12,A,B,1.00,26,268,0.088435,0.911565
3B12,A,B,2.00,24,270,0.081633,0.918367
3B12,A,B,5.00,24,270,0.081633,0.918367
3B4U,A,B,0.50,41,246,0.142857,0.857143
3B4U,A,B,1.00,41,246,0.142857,0.857143
3B4U,A,B,2.00,41,246,0.142857,0.857143
3B4U,A,B,5.00,36,251,0.125436,0.874564
3BOG,A,D,0.50,8,72,0.100000,0.900000
3BOG,A,D,1.00,8,72,0.100000,0.900000
3BOG,A,D,2.00,8,72,0.100000,0.900000
3BOG,A,D,5.00,5,75,0.062500,0.937500
3CYX,A,B,0.50,43,56,0.434343,0.565657
3CYX,A,B,1.00,43,56,0.434343,0.565657
3CYX,A,B,2.00,42,57,0.424242,0.575758
3CYX,A,B,5.00,37,62,0.373737,0.626263
3DS2,A,B,0.50,16,68,0.190476,0.809524
3DS2,A,B,1.00,16,68,0.190476,0.809524
3DS2,A,B,2.00,16,68,0.190476,0.809524
3DS2,A,B,5.00,14,70,0.166667,0.833333
3DUW,A,B,0.50,45,173,0.206422,0.793578
3DUW,A,B,1.00,45,173,0.206422,0.793578
3DUW,A,B,2.00,43,175,0.197248,0.802752
3DUW,A,B,5.00,40,178,0.183486,0.816514
3EBZ,A,B,0.50,40,59,0.404040,0.595960
3EBZ,A,B,1.00,40,59,0.404040,0.595960
3EBZ,A,B,2.00,40,59,0.404040,0.595960
3EBZ,A,B,5.00,37,62,0.373737,0.626263
3G36,A,C,0.50,26,25,0.509804,0.490196
3G36,A,C,1.00,26,25,0.509804,0.490196
3G36,A,C,2.00,25,26,0.490196,0.509804
3G36,A,C,5.00,24,27,0.470588,0.529412
3M47,A,B,0.50,45,164,0.215311,0.784689
3M47,A,B,1.00,45,164,0.215311,0.784689
3M47,A,B,2.00,44,165,0.210526,0.789474
3M47,A,B,5.00,37,172,0.177033,0.822967
3MI2,A,B,0.50,53,203,0.207031,0.792969
3MI2,A,B,1.00,53,203,0.207031,0.792969
3MI2,A,B,2.00,52,204,0.203125,0.796875
3MI2,A,B,5.00,48,208,0.187500,0.812500
3MOL,A,B,0.50,18,165,0.098361,0.901639
3MOL,A,B,1.00,18,165,0.098361,0.901639
3MOL,A,B,2.00,18,165,0.098361,0.901639
3MOL,A,B,5.00,16,167,0.087432,0.912568
3NU4,A,B,0.50,43,56,0.434343,0.565657
3NU4,A,B,1.00,43,56,0.434343,0.565657
3NU4,A,B,2.00,41,58,0.414141,0.585859
3NU4,A,B,5.00,38,61,0.383838,0.616162
3OHE,A,B,0.50,26,105,0.198473,0.801527
3OHE,A,B,1.00,26,105,0.198473,0.801527
3OHE,A,B,2.00,26,105,0.198473,0.801527
3OHE,A,B,5.00,25,106,0.190840,0.809160
3OQ6,A,B,0.50,46,328,0.122995,0.877005
3OQ6,A,B,1.00,46,328,0.122995,0.877005
3OQ6,A,B,2.00,45,329,0.120321,0.879679
3OQ6,A,B,5.00,42,332,0.112299,0.887701
3OXP,A,B,0.50,24,122,0.164384,0.835616
3OXP,A,B,1.00,24,122,0.164384,0.835616
3OXP,A,B,2.00,23,123,0.157534,0.842466
3OXP,A,B,5.00,21,125,0.143836,0.856164
3TG0,A,B,0.50,96,344,0.218182,0.781818
3TG0,A,B,1.00,96,344,0.218182,0.781818
3TG0,A,B,2.00,92,348,0.209091,0.790909
3TG0,A,B,5.00,89,351,0.202273,0.797727
3X25,A,B,0.50,84,111,0.430769,0.569231
3X25,A,B,1.00,84,111,0.430769,0.569231
3X25,A,B,2.00,82,113,0.420513,0.579487
3X25,A,B,5.00,78,117,0.400000,0.600000
4EBG,A,B,0.50,16,78,0.170213,0.829787
4EBG,A,B,1.00,16,78,0.170213,0.829787
4EBG,A,B,2.00,16,78,0.170213,0.829787
4EBG,A,B,5.00,15,79,0.159574,0.840426
4FGL,A,B,0.50,56,174,0.243478,0.756522
4FGL,A,B,1.00,56,174,0.243478,0.756522
4FGL,A,B,2.00,49,181,0.213043,0.786957
4FGL,A,B,5.00,47,183,0.204348,0.795652
4IIY,A,B,0.50,46,289,0.137313,0.862687
4IIY,A,B,1.00,46,289,0.137313,0.862687
4IIY,A,B,2.00,43,292,0.128358,0.871642
4IIY,A,B,5.00,42,293,0.125373,0.874627
4NFH,A,B,0.50,47,327,0.125668,0.874332
4NFH,A,B,1.00,47,327,0.125668,0.874332
4NFH,A,B,2.00,46,328,0.122995,0.877005
4NFH,A,B,5.00,41,333,0.109626,0.890374
4NOG,A,B,0.50,135,287,0.319905,0.680095
4NOG,A,B,1.00,135,287,0.319905,0.680095
4NOG,A,B,2.00,133,289,0.315166,0.684834
4NOG,A,B,5.00,122,300,0.289100,0.710900
4NZU,H,L,0.50,51,172,0.228700,0.771300
4NZU,H,L,1.00,51,172,0.228700,0.771300
4NZU,H,L,2.00,47,176,0.210762,0.789238
4NZU,H,L,5.00,43,180,0.192825,0.807175
4OB0,A,B,0.50,91,111,0.450495,0.549505
4OB0,A,B,1.00,91,111,0.450495,0.549505
4OB0,A,B,2.00,87,115,0.430693,0.569307
4OB0,A,B,5.00,84,118,0.415842,0.584158
4RGD,A,B,0.50,13,57,0.185714,0.814286
4RGD,A,B,1.00,13,57,0.185714,0.814286
4RGD,A,B,2.00,12,58,0.171429,0.828571
4RGD,A,B,5.00,11,59,0.157143,0.842857
