chain_id,residue_id,insertion_code,residue_name,sasa
A,4,,ASN,149.890852
A,5,,ASP,123.127750
A,6,,TRP,128.028948
A,7,,HIS,118.412345
A,8,,PHE,64.133205
A,9,,ASN,30.028620
A,10,,ILE,91.148096
A,11,,GLY,6.352070
A,12,,ALA,50.168219
A,13,,MET,66.359568
A,14,,TYR,102.523991
A,15,,GLU,26.764045
A,16,,ILE,46.607286
A,17,,GLU,14.088765
A,18,,ASN,46.291410
A,19,,VAL,34.632457
A,20,,GLU,74.038270
A,21,,GLY,43.841156
A,22,,TYR,257.418458
A,23,,GLY,65.070007
A,24,,GLU,122.730631
A,25,,ASP,71.556873
A,26,,MET,160.679940
A,27,,ASP,65.435710
A,28,,GLY,4.247433
A,29,,LEU,26.785931
A,30,,ALA,3.177197
A,31,,GLU,1.761386
A,32,,PRO,41.709187
A,33,,SER,13.779025
A,34,,VAL,88.354634
A,35,,TYR,54.536917
A,36,,PHE,64.783871
A,37,,ASN,8.315503
A,38,,ALA,4.936259
A,39,,ALA,14.122276
A,40,,ASN,27.248541
A,41,,GLY,38.088209
A,42,,PRO,62.908194
A,43,,TRP,150.145551
A,44,,ARG,114.250572
A,45,,ILE,63.597019
A,46,,ALA,15.535762
A,47,,LEU,74.580258
A,48,,ALA,21.544582
A,49,,TYR,94.901964
A,50,,TYR,15.881337
A,51,,GLN,25.125872
A,52,,GLU,4.593008
A,53,,GLY,7.767881
A,54,,PRO,39.261300
A,55,,VAL,52.999841
A,56,,ASP,94.135855
A,57,,TYR,128.565512
A,58,,SER,72.036489
A,59,,ALA,102.349842
A,60,,GLY,56.552270
A,61,,LYS,185.980945
A,62,,ARG,65.188613
A,63,,GLY,19.094370
A,64,,THR,25.072004
A,65,,TRP,51.581705
A,66,,PHE,4.247433
A,67,,ASP,28.182180
A,68,,ARG,33.129309
A,69,,PRO,65.739816
A,70,,GLU,22.895697
A,71,,LEU,84.452775
A,72,,GLU,20.097585
A,73,,VAL,57.933775
A,74,,HIS,21.926222
A,75,,TYR,75.781058
A,76,,GLN,47.276550
A,77,,PHE,111.822352
A,78,,LEU,104.617381
A,79,,GLU,128.672430
A,80,,ASN,67.979520
A,81,,ASP,88.808698
A,82,,ASP,93.375359
A,83,,PHE,109.362841
A,84,,SER,18.679449
A,85,,PHE,63.520700
A,86,,GLY,0.000000
A,87,,LEU,55.829138
A,88,,THR,12.708789
A,89,,GLY,29.550344
A,90,,GLY,8.658753
A,91,,PHE,68.849616
A,92,,ARG,31.367923
A,93,,ASN,22.128269
A,94,,TYR,0.000000
A,95,,GLY,0.000000
A,96,,TYR,13.738541
A,97,,HIS,64.075107
A,98,,TYR,16.231562
A,99,,VAL,67.436506
A,100,,ASP,130.157587
A,101,,GLU,30.732923
A,102,,PRO,141.944905
A,103,,GLY,91.292421
A,104,,LYS,86.842753
A,105,,ASP,117.758537
A,106,,THR,79.077385
A,107,,ALA,2.831622
A,108,,ASN,70.741755
A,109,,MET,0.000000
A,110,,GLN,37.848044
A,111,,ARG,9.910678
A,112,,TRP,135.556623
A,113,,LYS,32.381966
A,114,,ILE,86.288157
A,115,,ALA,2.831622
A,116,,PRO,26.173425
A,117,,ASP,32.427289
A,118,,TRP,36.891869
A,119,,ASP,48.313276
A,120,,VAL,35.357117
A,121,,LYS,80.943952
A,122,,LEU,90.782959
A,123,,THR,61.876118
A,124,,ASP,125.492908
A,125,,ASP,57.465782
A,126,,LEU,52.997516
A,127,,ARG,53.475834
A,128,,PHE,79.707127
A,129,,ASN,31.639503
A,130,,GLY,6.352070
A,131,,TRP,82.137212
A,132,,LEU,54.413327
A,133,,SER,1.415811
A,134,,MET,109.629625
A,135,,TYR,13.049715
A,136,,LYS,121.214687
A,137,,PHE,1.761386
A,138,,ALA,37.428244
A,139,,ASN,86.596598
A,140,,ASP,62.094626
A,141,,LEU,24.068789
A,142,,ASN,111.697505
A,143,,THR,39.230115
A,144,,THR,14.434341
A,145,,GLY,29.658038
A,146,,TYR,7.767881
A,147,,ALA,0.000000
A,148,,ASP,13.052040
A,149,,THR,10.561343
A,150,,ARG,3.177197
A,151,,VAL,32.525495
A,152,,GLU,24.659408
A,153,,THR,11.633904
A,154,,GLU,5.627409
A,155,,THR,28.239902
A,156,,GLY,10.599503
A,157,,LEU,86.557412
A,158,,GLN,39.629558
A,159,,TYR,96.342971
A,160,,THR,45.961270
A,161,,PHE,111.827001
A,162,,ASN,87.524834
A,163,,GLU,160.883536
A,164,,THR,44.476114
A,165,,VAL,26.862251
A,166,,ALA,7.079055
A,167,,LEU,59.311426
A,168,,ARG,84.193322
A,169,,VAL,68.190028
A,170,,ASN,3.177197
A,171,,TYR,77.313297
A,172,,TYR,8.494867
A,173,,LEU,32.487335
A,174,,GLU,14.091090
A,175,,ARG,77.037486
A,176,,GLY,0.000000
A,177,,PHE,59.962092
A,178,,ASN,19.029674
A,179,,MET,121.667370
A,180,,ASP,88.129360
A,181,,ASP,136.978634
A,182,,SER,99.695071
A,183,,ARG,120.520186
A,184,,ASN,89.973517
A,185,,ASN,37.944680
A,186,,GLY,0.000000
A,187,,GLU,31.704953
A,188,,PHE,2.831622
A,189,,SER,5.284159
A,190,,THR,4.938584
A,191,,GLN,59.074383
A,192,,GLU,0.000000
A,193,,ILE,64.707740
A,194,,ARG,18.950841
A,195,,ALA,26.785931
A,196,,TYR,23.341803
A,197,,LEU,60.765397
A,198,,PRO,30.382699
A,199,,LEU,46.645446
A,200,,THR,63.608643
A,201,,LEU,101.714089
A,202,,GLY,73.304122
A,203,,ASN,79.156260
A,204,,HIS,85.925010
A,205,,SER,34.186350
A,206,,VAL,33.214321
A,207,,THR,17.335308
A,208,,PRO,51.276615
A,209,,TYR,18.493111
A,210,,THR,31.112009
A,211,,ARG,45.871609
A,212,,ILE,98.877817
A,213,,GLY,17.268288
A,214,,LEU,104.178249
A,215,,ASP,89.542847
A,216,,ARG,62.015793
A,217,,TRP,125.349777
A,218,,SER,60.593008
A,219,,ASN,82.492694
A,220,,TRP,43.140895
A,221,,ASP,69.788512
A,222,,TRP,147.428597
A,223,,GLN,174.878075
A,224,,ASP,123.347787
A,225,,ASP,71.552223
A,226,,ILE,125.293773
A,227,,GLU,45.133754
A,228,,ARG,45.185339
A,229,,GLU,26.106405
A,230,,GLY,1.415811
A,231,,HIS,48.598051
A,232,,ASP,12.708789
A,233,,PHE,21.925992
A,234,,ASN,28.211083
A,235,,ARG,22.873056
A,236,,VAL,82.002564
A,237,,GLY,6.697645
A,238,,LEU,91.493671
A,239,,PHE,72.551752
A,240,,TYR,76.153169
A,241,,GLY,7.040896
A,242,,TYR,58.138335
A,243,,ASP,46.895140
A,244,,PHE,96.060143
A,245,,GLN,158.892855
A,246,,ASN,106.250172
A,247,,GLY,4.936259
A,248,,LEU,63.597019
A,249,,SER,31.729164
A,250,,VAL,40.677111
A,251,,SER,23.656193
A,252,,LEU,105.306207
A,253,,GLU,44.375583
A,254,,TYR,109.643720
A,255,,ALA,0.000000
A,256,,PHE,49.248109
A,257,,GLU,1.761386
A,258,,TRP,80.472503
A,259,,GLN,45.999660
A,260,,ASP,121.314820
A,261,,HIS,32.804050
A,262,,ASP,139.269609
A,263,,GLU,116.196873
A,264,,GLY,94.050048
A,265,,ASP,97.727973
A,266,,SER,27.340527
A,267,,ASP,54.936926
A,268,,LYS,83.752933
A,269,,PHE,24.030629
A,270,,HIS,44.751778
A,271,,TYR,22.924558
A,272,,ALA,40.217056
A,273,,GLY,6.354395
A,274,,VAL,72.437461
A,275,,GLY,9.183692
A,276,,VAL,57.971935
A,277,,ASN,37.139092
A,278,,TYR,100.080942
A,279,,SER,37.466404
A,280,,PHE,106.545167
