chain_id,residue_id,insertion_code,residue_name,sasa_apo,sasa_holo,delta_sasa,label_gt_0.5,label_gt_1,label_gt_2,label_gt_5
A,459,,SER,161.043967,161.043967,0.000000,0,0,0,0
A,460,,ARG,55.946864,55.946864,0.000000,0,0,0,0
A,461,,PRO,77.871558,77.871558,0.000000,0,0,0,0
A,462,,PHE,12.197233,12.197233,0.000000,0,0,0,0
A,463,,SER,37.188833,37.188833,0.000000,0,0,0,0
A,464,,VAL,44.197371,44.197371,0.000000,0,0,0,0
A,465,,LEU,1.761386,1.761386,0.000000,0,0,0,0
A,466,,ARG,133.690685,133.690685,0.000000,0,0,0,0
A,467,,ALA,28.480297,28.480297,0.000000,0,0,0,0
A,468,,ASN,112.352296,87.569445,24.782852,1,1,1,1
A,469,,ASP,12.329704,12.329704,0.000000,0,0,0,0
A,470,,VAL,48.406644,2.104637,46.302007,1,1,1,1
A,471,,LEU,0.000000,0.000000,0.000000,0,0,0,0
A,472,,TRP,109.010521,41.662147,67.348374,1,1,1,1
A,473,,LEU,0.000000,0.000000,0.000000,0,0,0,0
A,474,,SER,55.289476,55.289476,0.000000,0,0,0,0
A,475,,LEU,0.000000,0.000000,0.000000,0,0,0,0
A,476,,THR,68.170278,68.170278,0.000000,0,0,0,0
A,477,,ALA,50.213164,50.213164,0.000000,0,0,0,0
A,478,,ALA,0.000000,0.000000,0.000000,0,0,0,0
A,479,,GLU,72.767936,72.767936,0.000000,0,0,0,0
A,480,,TYR,40.078366,40.078366,0.000000,0,0,0,0
A,481,,ASP,15.464092,15.464092,0.000000,0,0,0,0
A,482,,GLN,81.650014,81.650014,0.000000,0,0,0,0
A,483,,THR,114.562553,114.562553,0.000000,0,0,0,0
A,484,,THR,60.094981,60.094981,0.000000,0,0,0,0
A,485,,TYR,27.748662,27.748662,0.000000,0,0,0,0
A,486,,GLY,1.761386,1.761386,0.000000,0,0,0,0
A,487,,SER,32.003069,32.003069,0.000000,0,0,0,0
A,488,,SER,78.296950,78.296950,0.000000,0,0,0,0
A,489,,THR,94.545938,94.545938,0.000000,0,0,0,0
A,490,,GLY,18.255229,18.255229,0.000000,0,0,0,0
A,491,,PRO,1.761386,1.761386,0.000000,0,0,0,0
A,492,,VAL,12.627820,12.627820,0.000000,0,0,0,0
A,493,,TYR,0.000000,0.000000,0.000000,0,0,0,0
A,494,,VAL,10.179933,10.179933,0.000000,0,0,0,0
A,495,,SER,6.313910,6.313910,0.000000,0,0,0,0
A,496,,ASP,52.365868,52.365868,0.000000,0,0,0,0
A,497,,THR,66.408891,66.408891,0.000000,0,0,0,0
A,498,,VAL,0.000000,0.000000,0.000000,0,0,0,0
A,499,,THR,43.257888,43.257888,0.000000,0,0,0,0
A,500,,PHE,0.000000,0.000000,0.000000,0,0,0,0
A,501,,VAL,21.046367,21.046367,0.000000,0,0,0,0
A,502,,ASN,1.961108,1.961108,0.000000,0,0,0,0
A,503,,VAL,72.334417,15.807342,56.527075,1,1,1,1
A,504,,ALA,92.595888,55.154073,37.441815,1,1,1,1
A,505,,THR,57.303844,57.303844,0.000000,0,0,0,0
A,506,,GLY,43.556004,43.556004,0.000000,0,0,0,0
A,507,,ALA,21.046367,21.046367,0.000000,0,0,0,0
A,508,,GLN,127.800366,127.800366,0.000000,0,0,0,0
A,509,,GLY,2.104637,2.104637,0.000000,0,0,0,0
A,510,,VAL,71.127061,71.127061,0.000000,0,0,0,0
A,511,,SER,0.000000,0.000000,0.000000,0,0,0,0
A,512,,ARG,127.357820,127.357820,0.000000,0,0,0,0
A,513,,SER,103.443138,103.443138,0.000000,0,0,0,0
A,514,,LEU,24.912390,24.912390,0.000000,0,0,0,0
A,515,,ASP,61.425781,61.425781,0.000000,0,0,0,0
A,516,,TRP,0.000000,0.000000,0.000000,0,0,0,0
A,517,,SER,80.013202,80.013202,0.000000,0,0,0,0
A,518,,LYS,142.177614,142.177614,0.000000,0,0,0,0
A,519,,VAL,0.000000,0.000000,0.000000,0,0,0,0
A,520,,THR,34.062572,34.062572,0.000000,0,0,0,0
A,521,,LEU,0.000000,0.000000,0.000000,0,0,0,0
A,522,,ASP,58.721980,58.721980,0.000000,0,0,0,0
A,523,,GLY,57.016786,57.016786,0.000000,0,0,0,0
A,524,,ARG,141.822174,141.822174,0.000000,0,0,0,0
A,525,,PRO,91.574263,91.574263,0.000000,0,0,0,0
A,526,,LEU,14.290812,14.290812,0.000000,0,0,0,0
A,527,,THR,54.422438,54.422438,0.000000,0,0,0,0
A,528,,THR,76.437169,76.437169,0.000000,0,0,0,0
A,529,,ILE,58.929827,58.929827,0.000000,0,0,0,0
A,530,,GLN,162.819343,162.819343,0.000000,0,0,0,0
A,531,,GLN,53.355448,53.355448,0.000000,0,0,0,0
A,532,,TYR,78.074211,78.074211,0.000000,0,0,0,0
A,533,,SER,125.721909,125.721909,0.000000,0,0,0,0
A,534,,LYS,52.424092,52.424092,0.000000,0,0,0,0
A,535,,THR,45.075467,45.075467,0.000000,0,0,0,0
A,536,,PHE,0.000000,0.000000,0.000000,0,0,0,0
A,537,,PHE,14.732457,14.732457,0.000000,0,0,0,0
A,538,,VAL,12.627820,12.627820,0.000000,0,0,0,0
A,539,,LEU,0.000000,0.000000,0.000000,0,0,0,0
A,540,,PRO,29.464914,29.464914,0.000000,0,0,0,0
A,541,,LEU,10.568318,3.522773,7.045545,1,1,1,1
A,542,,ARG,126.839897,27.255788,99.584110,1,1,1,1
A,543,,GLY,39.413982,0.000000,39.413982,1,1,1,1
A,544,,LYS,74.351717,23.151004,51.200714,1,1,1,1
A,545,,LEU,11.254819,11.254819,0.000000,0,0,0,0
A,546,,SER,67.962430,0.000000,67.962430,1,1,1,1
A,547,,PHE,5.627409,2.104637,3.522773,1,1,1,0
A,548,,TRP,55.964017,1.961108,54.002910,1,1,1,1
A,549,,GLU,58.468998,58.468998,0.000000,0,0,0,0
A,550,,ALA,44.974140,44.974140,0.000000,0,0,0,0
A,551,,GLY,90.161992,73.811678,16.350314,1,1,1,1
A,552,,THR,36.167208,25.255640,10.911568,1,1,1,1
A,553,,THR,135.366997,45.463851,89.903145,1,1,1,1
A,554,,LYS,167.938988,137.804726,30.134261,1,1,1,1
A,555,,ALA,62.897177,0.000000,62.897177,1,1,1,1
A,556,,GLY,14.091090,0.000000,14.091090,1,1,1,1
A,557,,TYR,86.768758,19.718500,67.050258,1,1,1,1
A,558,,PRO,8.418547,8.418547,0.000000,0,0,0,0
A,559,,TYR,68.901913,68.901913,0.000000,0,0,0,0
A,560,,ASN,60.901763,60.901763,0.000000,0,0,0,0
A,561,,TYR,106.189141,32.391454,73.797687,1,1,1,1
A,562,,ASN,119.834523,58.397684,61.436839,1,1,1,1
A,563,,THR,61.422849,54.034053,7.388796,1,1,1,1
A,564,,THR,145.890180,61.271194,84.618987,1,1,1,1
A,565,,ALA,41.605955,39.844568,1.761386,1,1,0,0
A,566,,SER,62.745522,34.752005,27.993517,1,1,1,1
A,567,,ASP,16.538977,16.538977,0.000000,0,0,0,0
A,568,,GLN,79.044607,79.044607,0.000000,0,0,0,0
A,569,,ILE,2.104637,2.104637,0.000000,0,0,0,0
A,570,,LEU,14.732457,14.732457,0.000000,0,0,0,0
A,571,,ILE,0.000000,0.000000,0.000000,0,0,0,0
A,572,,GLU,12.329704,12.329704,0.000000,0,0,0,0
A,573,,ASN,83.656256,83.656256,0.000000,0,0,0,0
A,574,,ALA,33.530658,33.530658,0.000000,0,0,0,0
A,575,,PRO,118.447761,118.447761,0.000000,0,0,0,0
A,576,,GLY,1.961108,1.961108,0.000000,0,0,0,0
A,577,,HIS,30.564848,30.564848,0.000000,0,0,0,0
A,578,,ARG,76.770262,76.770262,0.000000,0,0,0,0
A,579,,VAL,0.000000,0.000000,0.000000,0,0,0,0
A,580,,CYS,3.866023,3.866023,0.000000,0,0,0,0
A,581,,ILE,0.000000,0.000000,0.000000,0,0,0,0
A,582,,SER,33.432264,33.432264,0.000000,0,0,0,0
A,583,,THR,0.000000,0.000000,0.000000,0,0,0,0
A,584,,TYR,105.114255,105.114255,0.000000,0,0,0,0
A,585,,THR,45.019274,45.019274,0.000000,0,0,0,0
A,586,,THR,57.005728,57.005728,0.000000,0,0,0,0
A,587,,ASN,22.509637,13.359455,9.150182,1,1,1,1
A,588,,LEU,15.120841,15.120841,0.000000,0,0,0,0
A,589,,GLY,31.282493,31.282493,0.000000,0,0,0,0
A,590,,SER,75.950390,75.950390,0.000000,0,0,0,0
A,591,,GLY,30.686260,30.686260,0.000000,0,0,0,0
A,592,,PRO,100.083079,100.083079,0.000000,0,0,0,0
A,593,,VAL,4.209273,4.209273,0.000000,0,0,0,0
A,594,,SER,44.000581,44.000581,0.000000,0,0,0,0
A,595,,ILE,1.761386,1.761386,0.000000,0,0,0,0
A,596,,SER,7.045545,7.045545,0.000000,0,0,0,0
A,597,,ALA,0.000000,0.000000,0.000000,0,0,0,0
A,598,,VAL,37.540210,0.000000,37.540210,1,1,1,1
A,599,,GLY,6.313910,2.104637,4.209273,1,1,1,0
A,600,,VAL,48.263115,0.000000,48.263115,1,1,1,1
A,601,,LEU,0.000000,0.000000,0.000000,0,0,0,0
A,602,,ALA,10.523183,2.104637,8.418547,1,1,1,1
A,603,,PRO,44.929006,44.929006,0.000000,0,0,0,0
A,604,,HIS,43.314080,43.314080,0.000000,0,0,0,0
A,605,,SER,114.365764,114.365764,0.000000,0,0,0,0
A,606,,ALA,141.481185,141.481185,0.000000,0,0,0,0
